metric,window_size,scope,League,n_matches,n_bets,bet_pct,total_pnl,roi
adj,15,Austria2.Liga,Austria2.Liga,17,10,0.5882352941176471,-4.253,-0.4253
adj,15,AustriaBundesliga,AustriaBundesliga,184,76,0.41304347826086957,5.398,0.07102631578947367
adj,15,BelgiumFirstDivisionA,BelgiumFirstDivisionA,322,142,0.4409937888198758,0.9559999999999993,0.0067323943661971785
adj,15,BelgiumFirstDivisionB,BelgiumFirstDivisionB,15,9,0.6,0.45599999999999996,0.050666666666666665
adj,15,CroatiaHNL,CroatiaHNL,211,116,0.5497630331753555,-7.756,-0.06686206896551725
adj,15,CzechiaFirstLeague,CzechiaFirstLeague,292,124,0.4246575342465753,6.664,0.05374193548387097
adj,15,DenmarkDivision1,DenmarkDivision1,10,1,0.1,-1.0,-1.0
adj,15,DenmarkSuperligaen,DenmarkSuperligaen,178,71,0.398876404494382,9.419,0.1326619718309859
adj,15,EnglandChampionship,EnglandChampionship,676,304,0.44970414201183434,8.471,0.027865131578947367
adj,15,EnglandPremierLeague,EnglandPremierLeague,525,264,0.5028571428571429,-0.931,-0.0035265151515151516
adj,15,FinlandVeikkausliiga,FinlandVeikkausliiga,163,68,0.4171779141104294,5.758,0.0846764705882353
adj,15,FranceLigue1,FranceLigue1,429,163,0.37995337995337997,-5.063000000000001,-0.031061349693251538
adj,15,FranceLigue2,FranceLigue2,349,134,0.3839541547277937,-9.893,-0.07382835820895522
adj,15,GermanyBundesligaI,GermanyBundesligaI,426,161,0.3779342723004695,-10.795,-0.06704968944099379
adj,15,GermanyBundesligaII,GermanyBundesligaII,349,105,0.3008595988538682,14.277,0.13597142857142858
adj,15,HungaryNBI,HungaryNBI,215,102,0.4744186046511628,-9.001000000000001,-0.0882450980392157
adj,15,ItalySerieA,ItalySerieA,516,190,0.3682170542635659,11.639999999999999,0.06126315789473684
adj,15,ItalySerieB,ItalySerieB,370,97,0.26216216216216215,0.7629999999999992,0.00786597938144329
adj,15,NetherlandsEersteDivisie,NetherlandsEersteDivisie,389,180,0.46272493573264784,31.308999999999997,0.17393888888888887
adj,15,NetherlandsEredivisie,NetherlandsEredivisie,318,104,0.3270440251572327,18.092,0.17396153846153845
adj,15,NorwayEliteserien,NorwayEliteserien,283,124,0.4381625441696113,8.576999999999998,0.06916935483870966
adj,15,PolandEkstraklasa,PolandEkstraklasa,354,138,0.3898305084745763,14.713999999999999,0.1066231884057971
adj,15,PolandILiga,PolandILiga,30,11,0.36666666666666664,2.0439999999999996,0.18581818181818177
adj,15,PortugalPrimeiraLiga,PortugalPrimeiraLiga,338,160,0.47337278106508873,4.585,0.02865625
adj,15,PortugalSegundaLiga,PortugalSegundaLiga,320,169,0.528125,23.619999999999997,0.13976331360946745
adj,15,RomaniaLigaI,RomaniaLigaI,359,93,0.2590529247910863,0.2300000000000002,0.002473118279569895
adj,15,ScotlandPremiership,ScotlandPremiership,280,160,0.5714285714285714,2.972999999999999,0.018581249999999994
adj,15,SpainLaLiga,SpainLaLiga,488,194,0.3975409836065574,-14.555,-0.07502577319587629
adj,15,SpainSegunda,SpainSegunda,460,141,0.3065217391304348,6.878999999999999,0.04878723404255318
adj,15,SwedenAllsvenskan,SwedenAllsvenskan,301,131,0.43521594684385384,-5.311000000000001,-0.040541984732824436
adj,15,SwitzerlandChallengeLeague,SwitzerlandChallengeLeague,19,12,0.631578947368421,1.081,0.09008333333333333
adj,15,SwitzerlandSuperLeague,SwitzerlandSuperLeague,234,122,0.5213675213675214,3.2270000000000003,0.02645081967213115
adj,15,Turkiye1Lig,Turkiye1Lig,18,10,0.5555555555555556,1.1640000000000001,0.11640000000000002
adj,15,TurkiyeSuperLig,TurkiyeSuperLig,417,146,0.3501199040767386,-17.389,-0.11910273972602739
adj,15,global,Austria2.Liga,17,10,0.5882352941176471,-4.253,-0.4253
adj,15,global,AustriaBundesliga,184,68,0.3695652173913043,-3.210000000000001,-0.04720588235294119
adj,15,global,BelgiumFirstDivisionA,322,137,0.4254658385093168,0.3189999999999984,0.00232846715328466
adj,15,global,BelgiumFirstDivisionB,15,10,0.6666666666666666,1.408,0.14079999999999998
adj,15,global,CroatiaHNL,211,89,0.4218009478672986,2.509,0.028191011235955056
adj,15,global,CzechiaFirstLeague,292,109,0.3732876712328767,9.049,0.08301834862385321
adj,15,global,DenmarkDivision1,10,4,0.4,0.742,0.1855
adj,15,global,DenmarkSuperligaen,178,56,0.3146067415730337,0.15500000000000025,0.0027678571428571474
adj,15,global,EnglandChampionship,676,281,0.4156804733727811,7.007999999999999,0.024939501779359427
adj,15,global,EnglandPremierLeague,525,238,0.4533333333333333,7.183,0.03018067226890756
adj,15,global,FinlandVeikkausliiga,163,57,0.3496932515337423,-7.337000000000001,-0.12871929824561404
adj,15,global,FranceLigue1,429,163,0.37995337995337997,7.712,0.04731288343558282
adj,15,global,FranceLigue2,349,108,0.30945558739255014,-1.2360000000000004,-0.011444444444444448
adj,15,global,GermanyBundesligaI,426,156,0.36619718309859156,-13.318,-0.08537179487179487
adj,15,global,GermanyBundesligaII,349,140,0.40114613180515757,15.86,0.11328571428571428
adj,15,global,HungaryNBI,215,89,0.413953488372093,-13.803,-0.15508988764044945
adj,15,global,ItalySerieA,516,161,0.312015503875969,5.563999999999999,0.03455900621118012
adj,15,global,ItalySerieB,370,78,0.21081081081081082,7.129999999999999,0.0914102564102564
adj,15,global,NetherlandsEersteDivisie,389,170,0.4370179948586118,33.708999999999996,0.19828823529411763
adj,15,global,NetherlandsEredivisie,318,128,0.4025157232704403,7.257,0.0566953125
adj,15,global,NorwayEliteserien,283,90,0.31802120141342755,1.231999999999999,0.013688888888888879
adj,15,global,PolandEkstraklasa,354,136,0.384180790960452,14.203,0.10443382352941176
adj,15,global,PolandILiga,30,10,0.3333333333333333,1.16,0.11599999999999999
adj,15,global,PortugalPrimeiraLiga,338,147,0.4349112426035503,7.704,0.05240816326530612
adj,15,global,PortugalSegundaLiga,320,168,0.525,12.052999999999999,0.07174404761904761
adj,15,global,RomaniaLigaI,359,111,0.30919220055710306,-2.359,-0.021252252252252253
adj,15,global,ScotlandPremiership,280,117,0.41785714285714287,1.9109999999999996,0.016333333333333328
adj,15,global,SpainLaLiga,488,154,0.3155737704918033,-0.30799999999999983,-0.0019999999999999987
adj,15,global,SpainSegunda,460,121,0.26304347826086955,15.857999999999999,0.1310578512396694
adj,15,global,SwedenAllsvenskan,301,115,0.38205980066445183,-0.38100000000000045,-0.0033130434782608735
adj,15,global,SwitzerlandChallengeLeague,19,12,0.631578947368421,1.081,0.09008333333333333
adj,15,global,SwitzerlandSuperLeague,234,113,0.4829059829059829,-1.587,-0.014044247787610618
adj,15,global,Turkiye1Lig,18,6,0.3333333333333333,1.4060000000000001,0.23433333333333337
adj,15,global,TurkiyeSuperLig,417,158,0.37889688249400477,-3.2390000000000008,-0.020500000000000004
adj,19,Austria2.Liga,Austria2.Liga,17,7,0.4117647058823529,-1.253,-0.179
adj,19,AustriaBundesliga,AustriaBundesliga,184,74,0.40217391304347827,5.245999999999999,0.07089189189189188
adj,19,BelgiumFirstDivisionA,BelgiumFirstDivisionA,322,152,0.4720496894409938,7.347999999999999,0.04834210526315789
adj,19,BelgiumFirstDivisionB,BelgiumFirstDivisionB,15,6,0.4,-0.41300000000000003,-0.06883333333333334
adj,19,CroatiaHNL,CroatiaHNL,211,115,0.5450236966824644,-5.681000000000001,-0.049400000000000006
adj,19,CzechiaFirstLeague,CzechiaFirstLeague,292,116,0.3972602739726027,13.391,0.1154396551724138
adj,19,DenmarkDivision1,DenmarkDivision1,9,3,0.3333333333333333,-1.207,-0.4023333333333334
adj,19,DenmarkSuperligaen,DenmarkSuperligaen,178,63,0.3539325842696629,10.109,0.16046031746031747
adj,19,EnglandChampionship,EnglandChampionship,676,296,0.4378698224852071,8.672,0.029297297297297298
adj,19,EnglandPremierLeague,EnglandPremierLeague,525,238,0.4533333333333333,-2.3689999999999998,-0.009953781512605042
adj,19,FinlandVeikkausliiga,FinlandVeikkausliiga,163,78,0.4785276073619632,6.56,0.0841025641025641
adj,19,FranceLigue1,FranceLigue1,429,173,0.40326340326340326,2.3689999999999998,0.013693641618497109
adj,19,FranceLigue2,FranceLigue2,328,113,0.3445121951219512,-2.83,-0.02504424778761062
adj,19,GermanyBundesligaI,GermanyBundesligaI,426,171,0.4014084507042254,-5.3580000000000005,-0.03133333333333334
adj,19,GermanyBundesligaII,GermanyBundesligaII,338,102,0.30177514792899407,13.245,0.1298529411764706
adj,19,HungaryNBI,HungaryNBI,215,89,0.413953488372093,-2.8370000000000006,-0.03187640449438203
adj,19,ItalySerieA,ItalySerieA,516,224,0.43410852713178294,2.772999999999999,0.01237946428571428
adj,19,ItalySerieB,ItalySerieB,349,78,0.22349570200573066,-0.8780000000000014,-0.011256410256410275
adj,19,NetherlandsEersteDivisie,NetherlandsEersteDivisie,389,185,0.4755784061696658,34.117,0.1844162162162162
adj,19,NetherlandsEredivisie,NetherlandsEredivisie,318,99,0.3113207547169811,12.677,0.12805050505050505
adj,19,NorwayEliteserien,NorwayEliteserien,283,115,0.40636042402826855,6.390999999999998,0.055573913043478244
adj,19,PolandEkstraklasa,PolandEkstraklasa,354,120,0.3389830508474576,8.779999999999998,0.07316666666666664
adj,19,PolandILiga,PolandILiga,26,9,0.34615384615384615,0.33899999999999997,0.03766666666666666
adj,19,PortugalPrimeiraLiga,PortugalPrimeiraLiga,338,138,0.40828402366863903,17.974,0.1302463768115942
adj,19,PortugalSegundaLiga,PortugalSegundaLiga,311,128,0.4115755627009646,16.282999999999998,0.12721093749999998
adj,19,RomaniaLigaI,RomaniaLigaI,359,113,0.3147632311977716,0.7200000000000002,0.006371681415929205
adj,19,ScotlandPremiership,ScotlandPremiership,280,159,0.5678571428571428,2.0989999999999993,0.013201257861635216
adj,19,SpainLaLiga,SpainLaLiga,488,199,0.4077868852459016,-14.168,-0.07119597989949748
adj,19,SpainSegunda,SpainSegunda,440,98,0.22272727272727272,2.6249999999999987,0.026785714285714274
adj,19,SwedenAllsvenskan,SwedenAllsvenskan,301,137,0.45514950166112955,-17.888,-0.13056934306569346
adj,19,SwitzerlandChallengeLeague,SwitzerlandChallengeLeague,19,9,0.47368421052631576,2.066,0.22955555555555554
adj,19,SwitzerlandSuperLeague,SwitzerlandSuperLeague,234,117,0.5,6.189,0.052897435897435896
adj,19,Turkiye1Lig,Turkiye1Lig,18,10,0.5555555555555556,1.1640000000000001,0.11640000000000002
adj,19,TurkiyeSuperLig,TurkiyeSuperLig,417,165,0.39568345323741005,-21.706,-0.13155151515151514
adj,19,global,Austria2.Liga,17,11,0.6470588235294118,-3.4059999999999997,-0.3096363636363636
adj,19,global,AustriaBundesliga,184,74,0.40217391304347827,1.9879999999999989,0.02686486486486485
adj,19,global,BelgiumFirstDivisionA,322,145,0.4503105590062112,8.764999999999999,0.06044827586206896
adj,19,global,BelgiumFirstDivisionB,15,8,0.5333333333333333,1.456,0.182
adj,19,global,CroatiaHNL,211,89,0.4218009478672986,6.417,0.07210112359550562
adj,19,global,CzechiaFirstLeague,292,103,0.3527397260273973,11.248,0.10920388349514562
adj,19,global,DenmarkDivision1,9,2,0.2222222222222222,-0.16700000000000004,-0.08350000000000002
adj,19,global,DenmarkSuperligaen,178,57,0.3202247191011236,2.8270000000000004,0.04959649122807018
adj,19,global,EnglandChampionship,676,276,0.40828402366863903,3.4739999999999993,0.012586956521739127
adj,19,global,EnglandPremierLeague,525,230,0.4380952380952381,1.0510000000000004,0.004569565217391306
adj,19,global,FinlandVeikkausliiga,163,60,0.36809815950920244,-3.827,-0.06378333333333333
adj,19,global,FranceLigue1,429,144,0.3356643356643357,-0.676000000000001,-0.004694444444444452
adj,19,global,FranceLigue2,328,95,0.2896341463414634,-1.2120000000000002,-0.012757894736842107
adj,19,global,GermanyBundesligaI,426,151,0.3544600938967136,-3.2640000000000002,-0.0216158940397351
adj,19,global,GermanyBundesligaII,338,117,0.34615384615384615,6.193999999999999,0.05294017094017093
adj,19,global,HungaryNBI,215,74,0.34418604651162793,-3.709,-0.05012162162162162
adj,19,global,ItalySerieA,516,174,0.3372093023255814,0.46099999999999874,0.0026494252873563145
adj,19,global,ItalySerieB,349,69,0.1977077363896848,4.122999999999998,0.059753623188405776
adj,19,global,NetherlandsEersteDivisie,389,164,0.42159383033419023,27.959,0.17048170731707316
adj,19,global,NetherlandsEredivisie,318,134,0.42138364779874216,12.251,0.09142537313432836
adj,19,global,NorwayEliteserien,283,102,0.36042402826855124,3.399999999999999,0.033333333333333326
adj,19,global,PolandEkstraklasa,354,109,0.307909604519774,13.768999999999998,0.12632110091743118
adj,19,global,PolandILiga,26,9,0.34615384615384615,-1.545,-0.17166666666666666
adj,19,global,PortugalPrimeiraLiga,338,132,0.3905325443786982,11.961,0.09061363636363637
adj,19,global,PortugalSegundaLiga,311,136,0.43729903536977494,14.052999999999999,0.10333088235294118
adj,19,global,RomaniaLigaI,359,101,0.28133704735376047,-5.013999999999999,-0.04964356435643564
adj,19,global,ScotlandPremiership,280,118,0.42142857142857143,5.509999999999999,0.04669491525423728
adj,19,global,SpainLaLiga,488,153,0.3135245901639344,12.53,0.0818954248366013
adj,19,global,SpainSegunda,440,106,0.2409090909090909,2.2229999999999985,0.020971698113207534
adj,19,global,SwedenAllsvenskan,301,114,0.3787375415282392,-12.388,-0.10866666666666666
adj,19,global,SwitzerlandChallengeLeague,19,8,0.42105263157894735,1.2659999999999998,0.15824999999999997
adj,19,global,SwitzerlandSuperLeague,234,108,0.46153846153846156,-1.87,-0.017314814814814814
adj,19,global,Turkiye1Lig,18,5,0.2777777777777778,4.331,0.8662000000000001
adj,19,global,TurkiyeSuperLig,417,161,0.38609112709832133,-9.324,-0.057913043478260866
adj,25,Austria2.Liga,Austria2.Liga,17,7,0.4117647058823529,-3.059,-0.437
adj,25,AustriaBundesliga,AustriaBundesliga,184,63,0.3423913043478261,-3.3360000000000007,-0.052952380952380966
adj,25,BelgiumFirstDivisionA,BelgiumFirstDivisionA,309,120,0.3883495145631068,2.411999999999999,0.020099999999999993
adj,25,BelgiumFirstDivisionB,BelgiumFirstDivisionB,15,9,0.6,-1.479,-0.16433333333333333
adj,25,CroatiaHNL,CroatiaHNL,211,112,0.5308056872037915,-7.258000000000001,-0.06480357142857143
adj,25,CzechiaFirstLeague,CzechiaFirstLeague,292,119,0.4075342465753425,0.7489999999999997,0.006294117647058821
adj,25,DenmarkDivision1,DenmarkDivision1,9,5,0.5555555555555556,2.505,0.501
adj,25,DenmarkSuperligaen,DenmarkSuperligaen,178,74,0.4157303370786517,6.143000000000001,0.08301351351351352
adj,25,EnglandChampionship,EnglandChampionship,676,301,0.4452662721893491,15.443999999999999,0.05130897009966777
adj,25,EnglandPremierLeague,EnglandPremierLeague,525,250,0.47619047619047616,-19.058,-0.076232
adj,25,FinlandVeikkausliiga,FinlandVeikkausliiga,139,64,0.460431654676259,5.518,0.08621875
adj,25,FranceLigue1,FranceLigue1,429,171,0.3986013986013986,8.501,0.04971345029239766
adj,25,FranceLigue2,FranceLigue2,317,120,0.3785488958990536,-9.433,-0.07860833333333334
adj,25,GermanyBundesligaI,GermanyBundesligaI,426,153,0.3591549295774648,-5.266000000000001,-0.034418300653594774
adj,25,GermanyBundesligaII,GermanyBundesligaII,317,101,0.3186119873817035,17.915,0.17737623762376237
adj,25,HungaryNBI,HungaryNBI,215,99,0.4604651162790698,9.333,0.09427272727272727
adj,25,ItalySerieA,ItalySerieA,516,242,0.4689922480620155,6.949999999999999,0.028719008264462807
adj,25,ItalySerieB,ItalySerieB,326,86,0.26380368098159507,-5.856000000000002,-0.06809302325581397
adj,25,NetherlandsEersteDivisie,NetherlandsEersteDivisie,389,169,0.43444730077120824,26.615,0.15748520710059172
adj,25,NetherlandsEredivisie,NetherlandsEredivisie,318,97,0.3050314465408805,9.988,0.10296907216494845
adj,25,NorwayEliteserien,NorwayEliteserien,283,167,0.5901060070671378,-1.231000000000001,-0.007371257485029946
adj,25,PolandEkstraklasa,PolandEkstraklasa,354,119,0.3361581920903955,15.089999999999998,0.1268067226890756
adj,25,PolandILiga,PolandILiga,26,8,0.3076923076923077,-2.437,-0.304625
adj,25,PortugalPrimeiraLiga,PortugalPrimeiraLiga,338,133,0.39349112426035504,4.556,0.03425563909774436
adj,25,PortugalSegundaLiga,PortugalSegundaLiga,303,120,0.39603960396039606,22.874,0.19061666666666666
adj,25,RomaniaLigaI,RomaniaLigaI,346,118,0.34104046242774566,7.455,0.06317796610169492
adj,25,ScotlandPremiership,ScotlandPremiership,280,156,0.5571428571428572,-0.14500000000000113,-0.0009294871794871867
adj,25,SpainLaLiga,SpainLaLiga,488,190,0.38934426229508196,-20.599,-0.10841578947368422
adj,25,SpainSegunda,SpainSegunda,422,90,0.2132701421800948,-3.899000000000001,-0.043322222222222234
adj,25,SwedenAllsvenskan,SwedenAllsvenskan,301,127,0.4219269102990033,-11.07,-0.08716535433070867
adj,25,SwitzerlandChallengeLeague,SwitzerlandChallengeLeague,19,8,0.42105263157894735,0.47899999999999987,0.059874999999999984
adj,25,SwitzerlandSuperLeague,SwitzerlandSuperLeague,234,111,0.47435897435897434,1.9879999999999998,0.01790990990990991
adj,25,Turkiye1Lig,Turkiye1Lig,18,8,0.4444444444444444,1.3310000000000002,0.16637500000000002
adj,25,TurkiyeSuperLig,TurkiyeSuperLig,417,165,0.39568345323741005,-16.176000000000002,-0.09803636363636364
adj,25,global,Austria2.Liga,17,11,0.6470588235294118,-1.5659999999999998,-0.14236363636363636
adj,25,global,AustriaBundesliga,184,58,0.31521739130434784,-2.7680000000000007,-0.04772413793103449
adj,25,global,BelgiumFirstDivisionA,309,112,0.36245954692556637,3.996999999999999,0.03568749999999999
adj,25,global,BelgiumFirstDivisionB,15,6,0.4,-2.253,-0.3755
adj,25,global,CroatiaHNL,211,90,0.4265402843601896,5.2669999999999995,0.05852222222222222
adj,25,global,CzechiaFirstLeague,292,106,0.363013698630137,5.784,0.05456603773584905
adj,25,global,DenmarkDivision1,9,3,0.3333333333333333,0.742,0.24733333333333332
adj,25,global,DenmarkSuperligaen,178,60,0.33707865168539325,5.016,0.0836
adj,25,global,EnglandChampionship,676,248,0.3668639053254438,13.404,0.054048387096774196
adj,25,global,EnglandPremierLeague,525,217,0.41333333333333333,-3.2169999999999996,-0.014824884792626726
adj,25,global,FinlandVeikkausliiga,139,57,0.41007194244604317,0.07099999999999973,0.0012456140350877146
adj,25,global,FranceLigue1,429,153,0.35664335664335667,3.5369999999999986,0.02311764705882352
adj,25,global,FranceLigue2,317,95,0.2996845425867508,-0.8900000000000001,-0.00936842105263158
adj,25,global,GermanyBundesligaI,426,150,0.352112676056338,-12.609,-0.08406
adj,25,global,GermanyBundesligaII,317,113,0.35646687697160884,21.951999999999998,0.1942654867256637
adj,25,global,HungaryNBI,215,80,0.37209302325581395,-5.83,-0.072875
adj,25,global,ItalySerieA,516,172,0.3333333333333333,8.645999999999999,0.05026744186046511
adj,25,global,ItalySerieB,326,79,0.24233128834355827,-4.456000000000001,-0.05640506329113926
adj,25,global,NetherlandsEersteDivisie,389,166,0.4267352185089974,28.330999999999996,0.17066867469879515
adj,25,global,NetherlandsEredivisie,318,123,0.3867924528301887,1.2589999999999992,0.01023577235772357
adj,25,global,NorwayEliteserien,283,98,0.3462897526501767,2.3359999999999994,0.023836734693877544
adj,25,global,PolandEkstraklasa,354,106,0.2994350282485876,14.506999999999998,0.13685849056603772
adj,25,global,PolandILiga,26,9,0.34615384615384615,-1.545,-0.17166666666666666
adj,25,global,PortugalPrimeiraLiga,338,122,0.3609467455621302,9.722,0.07968852459016393
adj,25,global,PortugalSegundaLiga,303,122,0.40264026402640263,20.91,0.1713934426229508
adj,25,global,RomaniaLigaI,346,107,0.3092485549132948,-0.8410000000000002,-0.007859813084112151
adj,25,global,ScotlandPremiership,280,108,0.38571428571428573,2.0759999999999996,0.01922222222222222
adj,25,global,SpainLaLiga,488,134,0.27459016393442626,12.834,0.09577611940298507
adj,25,global,SpainSegunda,422,94,0.22274881516587677,-3.9540000000000006,-0.042063829787234046
adj,25,global,SwedenAllsvenskan,301,112,0.37209302325581395,-15.562000000000001,-0.13894642857142858
adj,25,global,SwitzerlandChallengeLeague,19,8,0.42105263157894735,2.266,0.28325
adj,25,global,SwitzerlandSuperLeague,234,104,0.4444444444444444,-2.3740000000000006,-0.02282692307692308
adj,25,global,Turkiye1Lig,18,6,0.3333333333333333,1.4060000000000001,0.23433333333333337
adj,25,global,TurkiyeSuperLig,417,163,0.3908872901678657,-14.78,-0.09067484662576687
adj,30,Austria2.Liga,Austria2.Liga,17,7,0.4117647058823529,-5.039,-0.7198571428571429
adj,30,AustriaBundesliga,AustriaBundesliga,182,61,0.33516483516483514,-2.2220000000000004,-0.036426229508196725
adj,30,BelgiumFirstDivisionA,BelgiumFirstDivisionA,287,114,0.397212543554007,-2.3550000000000013,-0.020657894736842118
adj,30,BelgiumFirstDivisionB,BelgiumFirstDivisionB,15,9,0.6,0.5089999999999999,0.056555555555555546
adj,30,CroatiaHNL,CroatiaHNL,211,117,0.5545023696682464,0.27999999999999936,0.0023931623931623875
adj,30,CzechiaFirstLeague,CzechiaFirstLeague,289,122,0.42214532871972316,7.712,0.06321311475409835
adj,30,DenmarkDivision1,DenmarkDivision1,9,5,0.5555555555555556,0.48,0.096
adj,30,DenmarkSuperligaen,DenmarkSuperligaen,178,79,0.4438202247191011,7.323,0.09269620253164558
adj,30,EnglandChampionship,EnglandChampionship,676,289,0.4275147928994083,30.314999999999998,0.10489619377162629
adj,30,EnglandPremierLeague,EnglandPremierLeague,525,269,0.5123809523809524,-7.0809999999999995,-0.02632342007434944
adj,30,FinlandVeikkausliiga,FinlandVeikkausliiga,102,48,0.47058823529411764,1.169,0.024354166666666666
adj,30,FranceLigue1,FranceLigue1,429,164,0.3822843822843823,4.368,0.026634146341463417
adj,30,FranceLigue2,FranceLigue2,312,116,0.3717948717948718,-1.8540000000000003,-0.01598275862068966
adj,30,GermanyBundesligaI,GermanyBundesligaI,426,142,0.3333333333333333,-3.74,-0.026338028169014087
adj,30,GermanyBundesligaII,GermanyBundesligaII,294,89,0.30272108843537415,11.366999999999999,0.1277191011235955
adj,30,HungaryNBI,HungaryNBI,215,112,0.5209302325581395,7.172,0.06403571428571428
adj,30,ItalySerieA,ItalySerieA,516,256,0.49612403100775193,-4.111000000000001,-0.016058593750000003
adj,30,ItalySerieB,ItalySerieB,313,92,0.2939297124600639,-8.232000000000001,-0.08947826086956523
adj,30,NetherlandsEersteDivisie,NetherlandsEersteDivisie,389,165,0.4241645244215938,29.508,0.17883636363636363
adj,30,NetherlandsEredivisie,NetherlandsEredivisie,318,94,0.29559748427672955,7.762,0.08257446808510638
adj,30,NorwayEliteserien,NorwayEliteserien,209,112,0.5358851674641149,4.294,0.03833928571428571
adj,30,PolandEkstraklasa,PolandEkstraklasa,354,124,0.3502824858757062,9.758999999999999,0.07870161290322579
adj,30,PolandILiga,PolandILiga,26,10,0.38461538461538464,-0.6699999999999999,-0.06699999999999999
adj,30,PortugalPrimeiraLiga,PortugalPrimeiraLiga,338,133,0.39349112426035504,9.885,0.0743233082706767
adj,30,PortugalSegundaLiga,PortugalSegundaLiga,297,110,0.37037037037037035,28.255,0.25686363636363635
adj,30,RomaniaLigaI,RomaniaLigaI,325,100,0.3076923076923077,8.779,0.08778999999999999
adj,30,ScotlandPremiership,ScotlandPremiership,280,164,0.5857142857142857,2.758999999999999,0.01682317073170731
adj,30,SpainLaLiga,SpainLaLiga,488,202,0.4139344262295082,-23.288,-0.11528712871287129
adj,30,SpainSegunda,SpainSegunda,410,82,0.2,-0.48200000000000087,-0.005878048780487815
adj,30,SwedenAllsvenskan,SwedenAllsvenskan,227,112,0.4933920704845815,-1.993000000000001,-0.017794642857142867
adj,30,SwitzerlandChallengeLeague,SwitzerlandChallengeLeague,19,8,0.42105263157894735,-1.302,-0.16275
adj,30,SwitzerlandSuperLeague,SwitzerlandSuperLeague,234,101,0.43162393162393164,3.127,0.030960396039603957
adj,30,Turkiye1Lig,Turkiye1Lig,18,5,0.2777777777777778,0.5800000000000001,0.11600000000000002
adj,30,TurkiyeSuperLig,TurkiyeSuperLig,417,155,0.37170263788968827,-16.081,-0.1037483870967742
adj,30,global,Austria2.Liga,17,11,0.6470588235294118,-5.253,-0.47754545454545455
adj,30,global,AustriaBundesliga,182,57,0.3131868131868132,-3.512000000000001,-0.061614035087719315
adj,30,global,BelgiumFirstDivisionA,287,97,0.33797909407665505,0.879999999999999,0.009072164948453598
adj,30,global,BelgiumFirstDivisionB,15,7,0.4666666666666667,0.6159999999999999,0.08799999999999998
adj,30,global,CroatiaHNL,211,91,0.4312796208530806,1.1809999999999996,0.012978021978021973
adj,30,global,CzechiaFirstLeague,289,115,0.39792387543252594,8.776,0.07631304347826087
adj,30,global,DenmarkDivision1,9,3,0.3333333333333333,0.742,0.24733333333333332
adj,30,global,DenmarkSuperligaen,178,69,0.38764044943820225,3.5130000000000003,0.05091304347826087
adj,30,global,EnglandChampionship,676,240,0.35502958579881655,17.124,0.07135
adj,30,global,EnglandPremierLeague,525,216,0.4114285714285714,-4.082000000000001,-0.01889814814814815
adj,30,global,FinlandVeikkausliiga,102,49,0.4803921568627451,-0.6340000000000001,-0.012938775510204083
adj,30,global,FranceLigue1,429,142,0.331002331002331,-5.295,-0.0372887323943662
adj,30,global,FranceLigue2,312,90,0.28846153846153844,1.8289999999999995,0.020322222222222217
adj,30,global,GermanyBundesligaI,426,152,0.3568075117370892,-10.66,-0.07013157894736842
adj,30,global,GermanyBundesligaII,294,103,0.35034013605442177,7.862,0.07633009708737865
adj,30,global,HungaryNBI,215,81,0.3767441860465116,-5.4399999999999995,-0.0671604938271605
adj,30,global,ItalySerieA,516,173,0.33527131782945735,4.0169999999999995,0.02321965317919075
adj,30,global,ItalySerieB,313,84,0.268370607028754,-7.001,-0.0833452380952381
adj,30,global,NetherlandsEersteDivisie,389,160,0.41131105398457585,28.304,0.1769
adj,30,global,NetherlandsEredivisie,318,120,0.37735849056603776,6.088999999999999,0.05074166666666666
adj,30,global,NorwayEliteserien,209,69,0.33014354066985646,-4.089,-0.059260869565217394
adj,30,global,PolandEkstraklasa,354,113,0.3192090395480226,6.173999999999999,0.05463716814159291
adj,30,global,PolandILiga,26,10,0.38461538461538464,-2.545,-0.2545
adj,30,global,PortugalPrimeiraLiga,338,123,0.363905325443787,10.06,0.08178861788617886
adj,30,global,PortugalSegundaLiga,297,117,0.3939393939393939,19.149,0.16366666666666668
adj,30,global,RomaniaLigaI,325,97,0.29846153846153844,-4.545,-0.04685567010309278
adj,30,global,ScotlandPremiership,280,118,0.42142857142857143,6.217,0.0526864406779661
adj,30,global,SpainLaLiga,488,133,0.2725409836065574,16.813,0.12641353383458645
adj,30,global,SpainSegunda,410,99,0.24146341463414633,-5.454000000000001,-0.0550909090909091
adj,30,global,SwedenAllsvenskan,227,86,0.3788546255506608,-10.234,-0.119
adj,30,global,SwitzerlandChallengeLeague,19,8,0.42105263157894735,2.266,0.28325
adj,30,global,SwitzerlandSuperLeague,234,95,0.405982905982906,10.282,0.10823157894736841
adj,30,global,Turkiye1Lig,18,5,0.2777777777777778,0.5800000000000001,0.11600000000000002
adj,30,global,TurkiyeSuperLig,417,134,0.3213429256594724,2.866,0.02138805970149254
adj_nr,15,Austria2.Liga,Austria2.Liga,17,7,0.4117647058823529,-5.02,-0.7171428571428571
adj_nr,15,AustriaBundesliga,AustriaBundesliga,184,83,0.45108695652173914,2.752999999999999,0.03316867469879516
adj_nr,15,BelgiumFirstDivisionA,BelgiumFirstDivisionA,322,147,0.45652173913043476,1.4299999999999988,0.009727891156462576
adj_nr,15,BelgiumFirstDivisionB,BelgiumFirstDivisionB,15,8,0.5333333333333333,1.456,0.182
adj_nr,15,CroatiaHNL,CroatiaHNL,211,108,0.5118483412322274,-8.288,-0.07674074074074075
adj_nr,15,CzechiaFirstLeague,CzechiaFirstLeague,292,130,0.4452054794520548,3.5039999999999996,0.02695384615384615
adj_nr,15,DenmarkDivision1,DenmarkDivision1,10,3,0.3,-1.167,-0.389
adj_nr,15,DenmarkSuperligaen,DenmarkSuperligaen,178,72,0.4044943820224719,8.366,0.11619444444444443
adj_nr,15,EnglandChampionship,EnglandChampionship,676,267,0.39497041420118345,3.2350000000000003,0.012116104868913858
adj_nr,15,EnglandPremierLeague,EnglandPremierLeague,525,243,0.46285714285714286,8.518,0.03505349794238683
adj_nr,15,FinlandVeikkausliiga,FinlandVeikkausliiga,163,77,0.4723926380368098,0.2969999999999997,0.0038571428571428533
adj_nr,15,FranceLigue1,FranceLigue1,429,153,0.35664335664335667,-7.027,-0.0459281045751634
adj_nr,15,FranceLigue2,FranceLigue2,349,131,0.3753581661891118,-4.947,-0.03776335877862595
adj_nr,15,GermanyBundesligaI,GermanyBundesligaI,426,163,0.3826291079812207,-10.99,-0.06742331288343559
adj_nr,15,GermanyBundesligaII,GermanyBundesligaII,349,95,0.2722063037249284,9.893,0.10413684210526317
adj_nr,15,HungaryNBI,HungaryNBI,215,92,0.42790697674418604,-9.763,-0.1061195652173913
adj_nr,15,ItalySerieA,ItalySerieA,516,181,0.3507751937984496,18.714,0.10339226519337016
adj_nr,15,ItalySerieB,ItalySerieB,370,100,0.2702702702702703,2.2239999999999993,0.022239999999999992
adj_nr,15,NetherlandsEersteDivisie,NetherlandsEersteDivisie,389,165,0.4241645244215938,33.556999999999995,0.20337575757575754
adj_nr,15,NetherlandsEredivisie,NetherlandsEredivisie,318,107,0.33647798742138363,21.78,0.20355140186915888
adj_nr,15,NorwayEliteserien,NorwayEliteserien,283,119,0.4204946996466431,-5.299000000000001,-0.044529411764705894
adj_nr,15,PolandEkstraklasa,PolandEkstraklasa,354,146,0.4124293785310734,8.220999999999998,0.05630821917808218
adj_nr,15,PolandILiga,PolandILiga,30,10,0.3333333333333333,-0.6400000000000001,-0.06400000000000002
adj_nr,15,PortugalPrimeiraLiga,PortugalPrimeiraLiga,338,168,0.4970414201183432,13.453,0.08007738095238096
adj_nr,15,PortugalSegundaLiga,PortugalSegundaLiga,320,175,0.546875,22.502,0.12858285714285714
adj_nr,15,RomaniaLigaI,RomaniaLigaI,359,100,0.2785515320334262,0.6170000000000004,0.0061700000000000045
adj_nr,15,ScotlandPremiership,ScotlandPremiership,280,165,0.5892857142857143,-0.10300000000000109,-0.0006242424242424309
adj_nr,15,SpainLaLiga,SpainLaLiga,488,190,0.38934426229508196,-16.715,-0.08797368421052632
adj_nr,15,SpainSegunda,SpainSegunda,460,137,0.29782608695652174,13.522999999999998,0.09870802919708027
adj_nr,15,SwedenAllsvenskan,SwedenAllsvenskan,301,134,0.44518272425249167,-3.5800000000000005,-0.026716417910447765
adj_nr,15,SwitzerlandChallengeLeague,SwitzerlandChallengeLeague,19,12,0.631578947368421,2.958,0.24650000000000002
adj_nr,15,SwitzerlandSuperLeague,SwitzerlandSuperLeague,234,113,0.4829059829059829,0.7390000000000003,0.00653982300884956
adj_nr,15,Turkiye1Lig,Turkiye1Lig,18,7,0.3888888888888889,2.3310000000000004,0.3330000000000001
adj_nr,15,TurkiyeSuperLig,TurkiyeSuperLig,417,139,0.3333333333333333,-7.99,-0.05748201438848921
adj_nr,15,global,Austria2.Liga,17,11,0.6470588235294118,-3.42,-0.3109090909090909
adj_nr,15,global,AustriaBundesliga,184,70,0.3804347826086957,-0.20600000000000085,-0.002942857142857155
adj_nr,15,global,BelgiumFirstDivisionA,322,138,0.42857142857142855,2.1159999999999983,0.01533333333333332
adj_nr,15,global,BelgiumFirstDivisionB,15,9,0.6,2.408,0.26755555555555555
adj_nr,15,global,CroatiaHNL,211,95,0.45023696682464454,0.6279999999999994,0.006610526315789468
adj_nr,15,global,CzechiaFirstLeague,292,111,0.3801369863013699,7.545,0.06797297297297297
adj_nr,15,global,DenmarkDivision1,10,3,0.3,-0.16700000000000004,-0.05566666666666668
adj_nr,15,global,DenmarkSuperligaen,178,58,0.3258426966292135,3.3729999999999998,0.0581551724137931
adj_nr,15,global,EnglandChampionship,676,244,0.3609467455621302,3.2290000000000005,0.013233606557377051
adj_nr,15,global,EnglandPremierLeague,525,229,0.4361904761904762,8.168,0.035668122270742356
adj_nr,15,global,FinlandVeikkausliiga,163,59,0.3619631901840491,-6.446000000000001,-0.1092542372881356
adj_nr,15,global,FranceLigue1,429,167,0.38927738927738925,0.2279999999999991,0.0013652694610778388
adj_nr,15,global,FranceLigue2,349,118,0.33810888252148996,-3.6780000000000004,-0.031169491525423733
adj_nr,15,global,GermanyBundesligaI,426,150,0.352112676056338,-8.279,-0.05519333333333333
adj_nr,15,global,GermanyBundesligaII,349,126,0.36103151862464183,18.801,0.1492142857142857
adj_nr,15,global,HungaryNBI,215,76,0.35348837209302325,-13.454,-0.1770263157894737
adj_nr,15,global,ItalySerieA,516,156,0.3023255813953488,1.709999999999999,0.010961538461538455
adj_nr,15,global,ItalySerieB,370,72,0.1945945945945946,1.9019999999999992,0.026416666666666658
adj_nr,15,global,NetherlandsEersteDivisie,389,153,0.39331619537275064,30.017,0.19618954248366013
adj_nr,15,global,NetherlandsEredivisie,318,120,0.37735849056603776,15.168,0.12639999999999998
adj_nr,15,global,NorwayEliteserien,283,98,0.3462897526501767,1.6479999999999992,0.016816326530612238
adj_nr,15,global,PolandEkstraklasa,354,144,0.4067796610169492,8.222999999999999,0.05710416666666666
adj_nr,15,global,PolandILiga,30,10,0.3333333333333333,1.16,0.11599999999999999
adj_nr,15,global,PortugalPrimeiraLiga,338,161,0.47633136094674555,18.715,0.11624223602484472
adj_nr,15,global,PortugalSegundaLiga,320,169,0.528125,20.203,0.11954437869822485
adj_nr,15,global,RomaniaLigaI,359,120,0.3342618384401114,-1.074,-0.008950000000000001
adj_nr,15,global,ScotlandPremiership,280,129,0.4607142857142857,0.8579999999999997,0.006651162790697672
adj_nr,15,global,SpainLaLiga,488,155,0.3176229508196721,-6.394,-0.04125161290322581
adj_nr,15,global,SpainSegunda,460,131,0.2847826086956522,12.248999999999999,0.09350381679389312
adj_nr,15,global,SwedenAllsvenskan,301,125,0.4152823920265781,-0.057000000000000384,-0.00045600000000000306
adj_nr,15,global,SwitzerlandChallengeLeague,19,11,0.5789473684210527,2.158,0.19618181818181818
adj_nr,15,global,SwitzerlandSuperLeague,234,106,0.452991452991453,1.415,0.013349056603773585
adj_nr,15,global,Turkiye1Lig,18,4,0.2222222222222222,3.406,0.8515
adj_nr,15,global,TurkiyeSuperLig,417,160,0.38369304556354916,1.1749999999999996,0.007343749999999998
adj_nr,19,Austria2.Liga,Austria2.Liga,17,7,0.4117647058823529,-3.059,-0.437
adj_nr,19,AustriaBundesliga,AustriaBundesliga,184,89,0.483695652173913,5.4129999999999985,0.060820224719101104
adj_nr,19,BelgiumFirstDivisionA,BelgiumFirstDivisionA,322,153,0.4751552795031056,10.749999999999998,0.07026143790849672
adj_nr,19,BelgiumFirstDivisionB,BelgiumFirstDivisionB,15,6,0.4,-0.41300000000000003,-0.06883333333333334
adj_nr,19,CroatiaHNL,CroatiaHNL,211,110,0.5213270142180095,-7.416,-0.06741818181818182
adj_nr,19,CzechiaFirstLeague,CzechiaFirstLeague,292,113,0.386986301369863,9.092,0.08046017699115045
adj_nr,19,DenmarkDivision1,DenmarkDivision1,9,3,0.3333333333333333,0.6259999999999999,0.20866666666666664
adj_nr,19,DenmarkSuperligaen,DenmarkSuperligaen,178,72,0.4044943820224719,4.481,0.06223611111111111
adj_nr,19,EnglandChampionship,EnglandChampionship,676,252,0.3727810650887574,9.187,0.0364563492063492
adj_nr,19,EnglandPremierLeague,EnglandPremierLeague,525,230,0.4380952380952381,-1.7159999999999997,-0.0074608695652173904
adj_nr,19,FinlandVeikkausliiga,FinlandVeikkausliiga,163,80,0.49079754601226994,6.114999999999999,0.07643749999999999
adj_nr,19,FranceLigue1,FranceLigue1,429,154,0.358974358974359,10.088,0.0655064935064935
adj_nr,19,FranceLigue2,FranceLigue2,328,107,0.32621951219512196,-4.992,-0.046654205607476636
adj_nr,19,GermanyBundesligaI,GermanyBundesligaI,426,148,0.3474178403755869,1.4619999999999997,0.009878378378378377
adj_nr,19,GermanyBundesligaII,GermanyBundesligaII,338,93,0.27514792899408286,10.436,0.11221505376344086
adj_nr,19,HungaryNBI,HungaryNBI,215,84,0.39069767441860465,2.067,0.02460714285714286
adj_nr,19,ItalySerieA,ItalySerieA,516,215,0.4166666666666667,2.494999999999999,0.011604651162790695
adj_nr,19,ItalySerieB,ItalySerieB,349,87,0.2492836676217765,-4.956000000000001,-0.056965517241379326
adj_nr,19,NetherlandsEersteDivisie,NetherlandsEersteDivisie,389,170,0.4370179948586118,26.39,0.15523529411764705
adj_nr,19,NetherlandsEredivisie,NetherlandsEredivisie,318,100,0.31446540880503143,16.413999999999998,0.16413999999999998
adj_nr,19,NorwayEliteserien,NorwayEliteserien,283,105,0.3710247349823322,0.027999999999998915,0.0002666666666666563
adj_nr,19,PolandEkstraklasa,PolandEkstraklasa,354,128,0.3615819209039548,10.092999999999998,0.07885156249999999
adj_nr,19,PolandILiga,PolandILiga,26,10,0.38461538461538464,3.0439999999999996,0.30439999999999995
adj_nr,19,PortugalPrimeiraLiga,PortugalPrimeiraLiga,338,145,0.4289940828402367,18.872,0.13015172413793102
adj_nr,19,PortugalSegundaLiga,PortugalSegundaLiga,311,141,0.4533762057877814,19.741999999999997,0.1400141843971631
adj_nr,19,RomaniaLigaI,RomaniaLigaI,359,116,0.3231197771587744,-0.6600000000000001,-0.005689655172413794
adj_nr,19,ScotlandPremiership,ScotlandPremiership,280,155,0.5535714285714286,1.0539999999999996,0.006799999999999997
adj_nr,19,SpainLaLiga,SpainLaLiga,488,204,0.4180327868852459,-23.386,-0.11463725490196078
adj_nr,19,SpainSegunda,SpainSegunda,440,104,0.23636363636363636,5.778999999999999,0.05556730769230768
adj_nr,19,SwedenAllsvenskan,SwedenAllsvenskan,301,127,0.4219269102990033,-7.066000000000001,-0.055637795275590554
adj_nr,19,SwitzerlandChallengeLeague,SwitzerlandChallengeLeague,19,6,0.3157894736842105,1.4789999999999999,0.24649999999999997
adj_nr,19,SwitzerlandSuperLeague,SwitzerlandSuperLeague,234,111,0.47435897435897434,-0.42900000000000005,-0.0038648648648648655
adj_nr,19,Turkiye1Lig,Turkiye1Lig,18,10,0.5555555555555556,2.97,0.29700000000000004
adj_nr,19,TurkiyeSuperLig,TurkiyeSuperLig,417,152,0.3645083932853717,-27.88,-0.18342105263157893
adj_nr,19,global,Austria2.Liga,17,11,0.6470588235294118,-3.42,-0.3109090909090909
adj_nr,19,global,AustriaBundesliga,184,80,0.43478260869565216,3.9909999999999988,0.04988749999999999
adj_nr,19,global,BelgiumFirstDivisionA,322,152,0.4720496894409938,14.781999999999998,0.09724999999999999
adj_nr,19,global,BelgiumFirstDivisionB,15,7,0.4666666666666667,0.6159999999999999,0.08799999999999998
adj_nr,19,global,CroatiaHNL,211,96,0.4549763033175355,6.807,0.07090625
adj_nr,19,global,CzechiaFirstLeague,292,108,0.3698630136986301,13.792,0.1277037037037037
adj_nr,19,global,DenmarkDivision1,9,2,0.2222222222222222,-0.16700000000000004,-0.08350000000000002
adj_nr,19,global,DenmarkSuperligaen,178,56,0.3146067415730337,11.329,0.20230357142857144
adj_nr,19,global,EnglandChampionship,676,232,0.3431952662721893,2.622,0.011301724137931034
adj_nr,19,global,EnglandPremierLeague,525,224,0.4266666666666667,0.9680000000000009,0.004321428571428575
adj_nr,19,global,FinlandVeikkausliiga,163,67,0.4110429447852761,-5.913,-0.08825373134328358
adj_nr,19,global,FranceLigue1,429,150,0.34965034965034963,-3.9830000000000005,-0.02655333333333334
adj_nr,19,global,FranceLigue2,328,102,0.31097560975609756,-9.25,-0.09068627450980392
adj_nr,19,global,GermanyBundesligaI,426,140,0.3286384976525822,-0.013000000000000123,-9.285714285714373e-05
adj_nr,19,global,GermanyBundesligaII,338,111,0.32840236686390534,10.545,0.095
adj_nr,19,global,HungaryNBI,215,62,0.28837209302325584,3.2699999999999996,0.05274193548387096
adj_nr,19,global,ItalySerieA,516,166,0.32170542635658916,3.5719999999999987,0.021518072289156618
adj_nr,19,global,ItalySerieB,349,71,0.2034383954154728,-0.47200000000000086,-0.006647887323943674
adj_nr,19,global,NetherlandsEersteDivisie,389,149,0.38303341902313626,25.334,0.17002684563758388
adj_nr,19,global,NetherlandsEredivisie,318,122,0.3836477987421384,9.626,0.0789016393442623
adj_nr,19,global,NorwayEliteserien,283,100,0.35335689045936397,3.746999999999999,0.03746999999999999
adj_nr,19,global,PolandEkstraklasa,354,122,0.3446327683615819,13.838999999999999,0.11343442622950818
adj_nr,19,global,PolandILiga,26,8,0.3076923076923077,-0.5449999999999999,-0.06812499999999999
adj_nr,19,global,PortugalPrimeiraLiga,338,136,0.40236686390532544,18.544,0.1363529411764706
adj_nr,19,global,PortugalSegundaLiga,311,138,0.4437299035369775,20.948,0.15179710144927536
adj_nr,19,global,RomaniaLigaI,359,113,0.3147632311977716,-0.8460000000000001,-0.007486725663716815
adj_nr,19,global,ScotlandPremiership,280,123,0.4392857142857143,2.063999999999999,0.016780487804878043
adj_nr,19,global,SpainLaLiga,488,142,0.29098360655737704,10.06,0.07084507042253521
adj_nr,19,global,SpainSegunda,440,107,0.2431818181818182,10.800999999999998,0.10094392523364484
adj_nr,19,global,SwedenAllsvenskan,301,122,0.4053156146179402,-12.703,-0.10412295081967213
adj_nr,19,global,SwitzerlandChallengeLeague,19,7,0.3684210526315789,2.266,0.32371428571428573
adj_nr,19,global,SwitzerlandSuperLeague,234,110,0.4700854700854701,-3.202,-0.029109090909090907
adj_nr,19,global,Turkiye1Lig,18,5,0.2777777777777778,2.406,0.4812
adj_nr,19,global,TurkiyeSuperLig,417,145,0.34772182254196643,-7.9830000000000005,-0.05505517241379311
adj_nr,25,Austria2.Liga,Austria2.Liga,17,9,0.5294117647058824,-3.253,-0.36144444444444446
adj_nr,25,AustriaBundesliga,AustriaBundesliga,184,68,0.3695652173913043,2.686999999999999,0.039514705882352924
adj_nr,25,BelgiumFirstDivisionA,BelgiumFirstDivisionA,309,127,0.4110032362459547,0.8909999999999991,0.007015748031496056
adj_nr,25,BelgiumFirstDivisionB,BelgiumFirstDivisionB,15,9,0.6,-1.479,-0.16433333333333333
adj_nr,25,CroatiaHNL,CroatiaHNL,211,99,0.46919431279620855,-4.864000000000001,-0.04913131313131314
adj_nr,25,CzechiaFirstLeague,CzechiaFirstLeague,292,126,0.4315068493150685,13.329,0.10578571428571429
adj_nr,25,DenmarkDivision1,DenmarkDivision1,9,6,0.6666666666666666,1.444,0.24066666666666667
adj_nr,25,DenmarkSuperligaen,DenmarkSuperligaen,178,74,0.4157303370786517,0.744,0.010054054054054054
adj_nr,25,EnglandChampionship,EnglandChampionship,676,251,0.371301775147929,12.028,0.0479203187250996
adj_nr,25,EnglandPremierLeague,EnglandPremierLeague,525,256,0.4876190476190476,-5.465,-0.02134765625
adj_nr,25,FinlandVeikkausliiga,FinlandVeikkausliiga,139,69,0.49640287769784175,8.353,0.12105797101449275
adj_nr,25,FranceLigue1,FranceLigue1,429,165,0.38461538461538464,12.762,0.07734545454545455
adj_nr,25,FranceLigue2,FranceLigue2,317,123,0.38801261829652994,-12.346,-0.1003739837398374
adj_nr,25,GermanyBundesligaI,GermanyBundesligaI,426,136,0.3192488262910798,7.874999999999999,0.05790441176470588
adj_nr,25,GermanyBundesligaII,GermanyBundesligaII,317,88,0.277602523659306,17.608999999999998,0.2001022727272727
adj_nr,25,HungaryNBI,HungaryNBI,215,94,0.4372093023255814,4.637,0.04932978723404255
adj_nr,25,ItalySerieA,ItalySerieA,516,221,0.42829457364341084,15.666999999999998,0.07089140271493212
adj_nr,25,ItalySerieB,ItalySerieB,326,89,0.27300613496932513,-2.720000000000001,-0.030561797752809
adj_nr,25,NetherlandsEersteDivisie,NetherlandsEersteDivisie,389,162,0.41645244215938304,20.965999999999998,0.12941975308641973
adj_nr,25,NetherlandsEredivisie,NetherlandsEredivisie,318,106,0.3333333333333333,10.555,0.0995754716981132
adj_nr,25,NorwayEliteserien,NorwayEliteserien,283,158,0.558303886925795,-5.361000000000001,-0.033930379746835444
adj_nr,25,PolandEkstraklasa,PolandEkstraklasa,354,117,0.3305084745762712,17.006,0.14535042735042736
adj_nr,25,PolandILiga,PolandILiga,26,8,0.3076923076923077,-2.424,-0.303
adj_nr,25,PortugalPrimeiraLiga,PortugalPrimeiraLiga,338,148,0.4378698224852071,3.4029999999999996,0.02299324324324324
adj_nr,25,PortugalSegundaLiga,PortugalSegundaLiga,303,125,0.41254125412541254,18.77,0.15016
adj_nr,25,RomaniaLigaI,RomaniaLigaI,346,121,0.34971098265895956,12.317,0.10179338842975207
adj_nr,25,ScotlandPremiership,ScotlandPremiership,280,159,0.5678571428571428,-0.4480000000000015,-0.0028176100628930912
adj_nr,25,SpainLaLiga,SpainLaLiga,488,187,0.3831967213114754,-34.123,-0.182475935828877
adj_nr,25,SpainSegunda,SpainSegunda,422,96,0.22748815165876776,3.7909999999999995,0.03948958333333333
adj_nr,25,SwedenAllsvenskan,SwedenAllsvenskan,301,123,0.40863787375415284,-7.023000000000001,-0.05709756097560976
adj_nr,25,SwitzerlandChallengeLeague,SwitzerlandChallengeLeague,19,7,0.3684210526315789,3.356,0.4794285714285714
adj_nr,25,SwitzerlandSuperLeague,SwitzerlandSuperLeague,234,96,0.41025641025641024,-2.0120000000000005,-0.02095833333333334
adj_nr,25,Turkiye1Lig,Turkiye1Lig,18,8,0.4444444444444444,1.3310000000000002,0.16637500000000002
adj_nr,25,TurkiyeSuperLig,TurkiyeSuperLig,417,141,0.3381294964028777,-9.452,-0.0670354609929078
adj_nr,25,global,Austria2.Liga,17,10,0.5882352941176471,-2.42,-0.242
adj_nr,25,global,AustriaBundesliga,184,68,0.3695652173913043,0.6389999999999989,0.009397058823529396
adj_nr,25,global,BelgiumFirstDivisionA,309,117,0.3786407766990291,-1.1970000000000012,-0.010230769230769241
adj_nr,25,global,BelgiumFirstDivisionB,15,7,0.4666666666666667,-1.336,-0.19085714285714286
adj_nr,25,global,CroatiaHNL,211,98,0.46445497630331756,4.715999999999999,0.04812244897959183
adj_nr,25,global,CzechiaFirstLeague,292,112,0.3835616438356164,8.841,0.0789375
adj_nr,25,global,DenmarkDivision1,9,3,0.3333333333333333,0.742,0.24733333333333332
adj_nr,25,global,DenmarkSuperligaen,178,64,0.3595505617977528,8.98,0.1403125
adj_nr,25,global,EnglandChampionship,676,201,0.2973372781065089,9.348,0.04650746268656717
adj_nr,25,global,EnglandPremierLeague,525,226,0.43047619047619046,7.213,0.031915929203539826
adj_nr,25,global,FinlandVeikkausliiga,139,54,0.38848920863309355,-1.5850000000000002,-0.029351851851851855
adj_nr,25,global,FranceLigue1,429,151,0.351981351981352,-2.059000000000001,-0.01363576158940398
adj_nr,25,global,FranceLigue2,317,99,0.31230283911671924,-5.871,-0.05930303030303031
adj_nr,25,global,GermanyBundesligaI,426,137,0.3215962441314554,-7.613,-0.05556934306569344
adj_nr,25,global,GermanyBundesligaII,317,95,0.2996845425867508,16.607,0.17481052631578947
adj_nr,25,global,HungaryNBI,215,55,0.2558139534883721,-3.992,-0.07258181818181818
adj_nr,25,global,ItalySerieA,516,167,0.3236434108527132,8.936,0.053508982035928146
adj_nr,25,global,ItalySerieB,326,82,0.25153374233128833,0.9859999999999991,0.012024390243902429
adj_nr,25,global,NetherlandsEersteDivisie,389,144,0.37017994858611825,24.467,0.16990972222222223
adj_nr,25,global,NetherlandsEredivisie,318,116,0.36477987421383645,3.129999999999999,0.026982758620689648
adj_nr,25,global,NorwayEliteserien,283,97,0.34275618374558303,2.972999999999999,0.030649484536082464
adj_nr,25,global,PolandEkstraklasa,354,105,0.2966101694915254,15.727999999999998,0.14979047619047617
adj_nr,25,global,PolandILiga,26,9,0.34615384615384615,-1.545,-0.17166666666666666
adj_nr,25,global,PortugalPrimeiraLiga,338,133,0.39349112426035504,9.96,0.0748872180451128
adj_nr,25,global,PortugalSegundaLiga,303,125,0.41254125412541254,19.551,0.156408
adj_nr,25,global,RomaniaLigaI,346,108,0.31213872832369943,-1.713,-0.01586111111111111
adj_nr,25,global,ScotlandPremiership,280,112,0.4,0.9349999999999994,0.00834821428571428
adj_nr,25,global,SpainLaLiga,488,134,0.27459016393442626,6.179,0.046111940298507466
adj_nr,25,global,SpainSegunda,422,90,0.2132701421800948,-2.8250000000000006,-0.0313888888888889
adj_nr,25,global,SwedenAllsvenskan,301,113,0.3754152823920266,-6.351000000000001,-0.05620353982300886
adj_nr,25,global,SwitzerlandChallengeLeague,19,7,0.3684210526315789,2.266,0.32371428571428573
adj_nr,25,global,SwitzerlandSuperLeague,234,100,0.42735042735042733,-1.4520000000000004,-0.014520000000000003
adj_nr,25,global,Turkiye1Lig,18,6,0.3333333333333333,1.4060000000000001,0.23433333333333337
adj_nr,25,global,TurkiyeSuperLig,417,148,0.354916067146283,3.583,0.02420945945945946
adj_nr,30,Austria2.Liga,Austria2.Liga,17,6,0.35294117647058826,-4.039,-0.6731666666666666
adj_nr,30,AustriaBundesliga,AustriaBundesliga,182,79,0.4340659340659341,0.6199999999999997,0.00784810126582278
adj_nr,30,BelgiumFirstDivisionA,BelgiumFirstDivisionA,287,105,0.36585365853658536,1.8119999999999987,0.017257142857142846
adj_nr,30,BelgiumFirstDivisionB,BelgiumFirstDivisionB,15,10,0.6666666666666666,-0.4910000000000001,-0.04910000000000001
adj_nr,30,CroatiaHNL,CroatiaHNL,211,107,0.5071090047393365,2.7569999999999997,0.025766355140186912
adj_nr,30,CzechiaFirstLeague,CzechiaFirstLeague,289,142,0.4913494809688581,15.754,0.11094366197183099
adj_nr,30,DenmarkDivision1,DenmarkDivision1,9,5,0.5555555555555556,0.5349999999999999,0.10699999999999998
adj_nr,30,DenmarkSuperligaen,DenmarkSuperligaen,178,73,0.4101123595505618,7.563000000000001,0.1036027397260274
adj_nr,30,EnglandChampionship,EnglandChampionship,676,276,0.40828402366863903,22.297,0.08078623188405798
adj_nr,30,EnglandPremierLeague,EnglandPremierLeague,525,275,0.5238095238095238,-1.7769999999999997,-0.0064618181818181806
adj_nr,30,FinlandVeikkausliiga,FinlandVeikkausliiga,102,44,0.43137254901960786,3.283,0.07461363636363637
adj_nr,30,FranceLigue1,FranceLigue1,429,164,0.3822843822843823,8.661999999999999,0.0528170731707317
adj_nr,30,FranceLigue2,FranceLigue2,312,105,0.33653846153846156,-10.748000000000001,-0.10236190476190478
adj_nr,30,GermanyBundesligaI,GermanyBundesligaI,426,135,0.31690140845070425,-3.5480000000000005,-0.026281481481481486
adj_nr,30,GermanyBundesligaII,GermanyBundesligaII,294,81,0.2755102040816326,11.724,0.14474074074074075
adj_nr,30,HungaryNBI,HungaryNBI,215,125,0.5813953488372093,3.839999999999999,0.03071999999999999
adj_nr,30,ItalySerieA,ItalySerieA,516,234,0.45348837209302323,4.771999999999999,0.02039316239316239
adj_nr,30,ItalySerieB,ItalySerieB,313,84,0.268370607028754,-13.274000000000001,-0.15802380952380954
adj_nr,30,NetherlandsEersteDivisie,NetherlandsEersteDivisie,389,156,0.40102827763496146,21.061,0.13500641025641025
adj_nr,30,NetherlandsEredivisie,NetherlandsEredivisie,318,101,0.31761006289308175,12.456,0.12332673267326733
adj_nr,30,NorwayEliteserien,NorwayEliteserien,209,113,0.5406698564593302,-7.929,-0.07016814159292036
adj_nr,30,PolandEkstraklasa,PolandEkstraklasa,354,126,0.3559322033898305,14.12,0.11206349206349206
adj_nr,30,PolandILiga,PolandILiga,26,14,0.5384615384615384,-4.67,-0.3335714285714286
adj_nr,30,PortugalPrimeiraLiga,PortugalPrimeiraLiga,338,142,0.42011834319526625,13.065999999999999,0.09201408450704225
adj_nr,30,PortugalSegundaLiga,PortugalSegundaLiga,297,114,0.3838383838383838,28.09,0.24640350877192982
adj_nr,30,RomaniaLigaI,RomaniaLigaI,325,115,0.35384615384615387,8.9,0.0773913043478261
adj_nr,30,ScotlandPremiership,ScotlandPremiership,280,163,0.5821428571428572,3.4859999999999993,0.021386503067484658
adj_nr,30,SpainLaLiga,SpainLaLiga,488,193,0.39549180327868855,-19.894000000000002,-0.10307772020725389
adj_nr,30,SpainSegunda,SpainSegunda,410,84,0.2048780487804878,-0.6990000000000007,-0.00832142857142858
adj_nr,30,SwedenAllsvenskan,SwedenAllsvenskan,227,108,0.47577092511013214,0.9519999999999993,0.008814814814814808
adj_nr,30,SwitzerlandChallengeLeague,SwitzerlandChallengeLeague,19,8,0.42105263157894735,2.593,0.324125
adj_nr,30,SwitzerlandSuperLeague,SwitzerlandSuperLeague,234,97,0.41452991452991456,1.599,0.016484536082474226
adj_nr,30,Turkiye1Lig,Turkiye1Lig,18,6,0.3333333333333333,1.4060000000000001,0.23433333333333337
adj_nr,30,TurkiyeSuperLig,TurkiyeSuperLig,417,144,0.34532374100719426,-14.641,-0.10167361111111112
adj_nr,30,global,Austria2.Liga,17,10,0.5882352941176471,-4.253,-0.4253
adj_nr,30,global,AustriaBundesliga,182,71,0.3901098901098901,-2.673000000000001,-0.037647887323943675
adj_nr,30,global,BelgiumFirstDivisionA,287,98,0.34146341463414637,3.0269999999999992,0.03088775510204081
adj_nr,30,global,BelgiumFirstDivisionB,15,7,0.4666666666666667,0.6159999999999999,0.08799999999999998
adj_nr,30,global,CroatiaHNL,211,102,0.4834123222748815,-0.37100000000000066,-0.0036372549019607907
adj_nr,30,global,CzechiaFirstLeague,289,119,0.4117647058823529,12.875,0.10819327731092437
adj_nr,30,global,DenmarkDivision1,9,2,0.2222222222222222,-0.16700000000000004,-0.08350000000000002
adj_nr,30,global,DenmarkSuperligaen,178,64,0.3595505617977528,-1.264,-0.01975
adj_nr,30,global,EnglandChampionship,676,202,0.2988165680473373,6.01,0.02975247524752475
adj_nr,30,global,EnglandPremierLeague,525,218,0.41523809523809524,-1.5470000000000002,-0.007096330275229359
adj_nr,30,global,FinlandVeikkausliiga,102,51,0.5,-0.554,-0.010862745098039217
adj_nr,30,global,FranceLigue1,429,152,0.3543123543123543,-7.8180000000000005,-0.05143421052631579
adj_nr,30,global,FranceLigue2,312,94,0.30128205128205127,-7.747,-0.08241489361702127
adj_nr,30,global,GermanyBundesligaI,426,137,0.3215962441314554,-11.164000000000001,-0.08148905109489052
adj_nr,30,global,GermanyBundesligaII,294,91,0.30952380952380953,5.813,0.06387912087912087
adj_nr,30,global,HungaryNBI,215,69,0.3209302325581395,4.567,0.06618840579710145
adj_nr,30,global,ItalySerieA,516,171,0.3313953488372093,0.4559999999999991,0.0026666666666666614
adj_nr,30,global,ItalySerieB,313,83,0.26517571884984026,-8.572000000000001,-0.10327710843373496
adj_nr,30,global,NetherlandsEersteDivisie,389,140,0.35989717223650386,23.447,0.16747857142857142
adj_nr,30,global,NetherlandsEredivisie,318,114,0.3584905660377358,4.781999999999999,0.04194736842105262
adj_nr,30,global,NorwayEliteserien,209,77,0.3684210526315789,-6.452,-0.08379220779220779
adj_nr,30,global,PolandEkstraklasa,354,107,0.3022598870056497,10.210999999999999,0.09542990654205606
adj_nr,30,global,PolandILiga,26,7,0.2692307692307692,-1.4369999999999998,-0.20528571428571427
adj_nr,30,global,PortugalPrimeiraLiga,338,129,0.3816568047337278,17.17,0.13310077519379845
adj_nr,30,global,PortugalSegundaLiga,297,125,0.4208754208754209,20.455,0.16363999999999998
adj_nr,30,global,RomaniaLigaI,325,99,0.3046153846153846,6.652,0.06719191919191919
adj_nr,30,global,ScotlandPremiership,280,121,0.43214285714285716,3.4189999999999996,0.028256198347107436
adj_nr,30,global,SpainLaLiga,488,132,0.27049180327868855,0.7580000000000002,0.005742424242424244
adj_nr,30,global,SpainSegunda,410,100,0.24390243902439024,-3.436000000000001,-0.03436000000000001
adj_nr,30,global,SwedenAllsvenskan,227,84,0.3700440528634361,-8.299,-0.09879761904761904
adj_nr,30,global,SwitzerlandChallengeLeague,19,7,0.3684210526315789,2.266,0.32371428571428573
adj_nr,30,global,SwitzerlandSuperLeague,234,94,0.4017094017094017,9.137,0.09720212765957448
adj_nr,30,global,Turkiye1Lig,18,5,0.2777777777777778,0.5800000000000001,0.11600000000000002
adj_nr,30,global,TurkiyeSuperLig,417,124,0.2973621103117506,1.2540000000000004,0.010112903225806455
