League,n_matches,n_corner_events,n_clipped_min,n_clipped_max,pct_clipped_min,pct_clipped_max,pct_clipped_total,n_repeaters,repeater_rate,n_min_rate_floor_hit,pct_min_rate_floor_hit,match_corners_raw_total,match_corners_adj_total,raw_vs_adj_ratio
Austria2.Liga,2401,24112,0,3,0.0,0.01,0.01,3324,13.79,0,0.0,24109.0,24135.23180891227,1.0011
AustriaBundesliga,2056,20584,0,45,0.0,0.22,0.22,2881,14.0,0,0.0,20575.0,20729.334169203903,1.0075
BelgiumFirstDivisionA,3069,30678,0,0,0.0,0.0,0.0,4006,13.06,0,0.0,30672.0,30672.56317954644,1.0
BelgiumFirstDivisionB,1840,18517,0,0,0.0,0.0,0.0,2617,14.13,0,0.0,18517.0,18567.059004226918,1.0027
ColombiaPrimeraA,4497,41065,0,1,0.0,0.0,0.0,5259,12.81,0,0.0,41048.0,41097.74214534175,1.0012
ColombiaPrimeraB,2927,26402,0,0,0.0,0.0,0.0,3194,12.1,0,0.0,26396.0,26372.127025954425,0.9991
Croatia1.NL,1933,17887,0,2,0.0,0.01,0.01,2405,13.45,0,0.0,17885.0,18035.84642206377,1.0084
CroatiaHNL,1978,18683,0,29,0.0,0.16,0.16,2477,13.26,0,0.0,18681.0,19039.924464004773,1.0192
Czechia2.Liga,2518,26591,0,3,0.0,0.01,0.01,3718,13.98,0,0.0,26584.0,26664.56035610038,1.003
CzechiaFirstLeague,2966,30705,0,23,0.0,0.07,0.07,4250,13.84,2,0.01,30705.0,30646.15994355204,0.9981
DenmarkDivision1,2090,20399,0,0,0.0,0.0,0.0,2746,13.46,0,0.0,20395.0,20487.552946032814,1.0045
DenmarkSuperligaen,2309,22753,0,5,0.0,0.02,0.02,3047,13.39,0,0.0,22743.0,22777.72055252483,1.0015
EnglandChampionship,6116,62335,0,10,0.0,0.02,0.02,8681,13.93,0,0.0,62315.0,61993.32145965603,0.9948
EnglandLeague1,5948,61804,0,0,0.0,0.0,0.0,8764,14.18,0,0.0,61781.0,61598.633838274916,0.997
EnglandLeague2,5987,60129,0,2,0.0,0.0,0.0,8488,14.12,0,0.0,60108.0,59932.82700080486,0.9971
EnglandPremierLeague,4172,43181,0,37,0.0,0.09,0.09,6266,14.51,7,0.02,43170.0,43286.543803728695,1.0027
FinlandVeikkausliiga,2001,19798,0,2,0.0,0.01,0.01,2765,13.97,0,0.0,19796.0,19895.525761645422,1.005
FinlandYkkosliiga,1565,15936,0,1,0.0,0.01,0.01,2300,14.43,0,0.0,15933.0,15939.085344042802,1.0004
FranceLigue1,3864,36922,0,9,0.0,0.02,0.02,4811,13.03,0,0.0,36901.0,37081.07134537453,1.0049
FranceLigue2,3915,36066,0,0,0.0,0.0,0.0,4521,12.54,0,0.0,36058.0,35846.73081407654,0.9941
GermanyBundesligaII,3370,33977,0,0,0.0,0.0,0.0,4704,13.84,0,0.0,33962.0,33941.1948623461,0.9994
GermanyBundesligaI,3378,32564,0,17,0.0,0.05,0.05,4250,13.05,0,0.0,32557.0,32571.046461865204,1.0004
GreeceSuperLeague1,2624,23138,0,84,0.0,0.36,0.36,2821,12.19,10,0.04,23131.0,23145.53649054451,1.0006
GreeceSuperLeague2,2671,21791,0,34,0.0,0.16,0.16,2719,12.48,9,0.04,21792.0,21890.795137987498,1.0045
HungaryNBII,3040,30115,0,0,0.0,0.0,0.0,4242,14.09,0,0.0,30111.0,30322.812221162374,1.007
HungaryNBI,2188,21976,0,1,0.0,0.0,0.0,3153,14.35,0,0.0,21973.0,22182.47722532059,1.0095
ItalySerieA,4180,41439,0,18,0.0,0.04,0.04,5720,13.8,0,0.0,41421.0,41708.35558739104,1.0069
ItalySerieB,4411,43229,0,0,0.0,0.0,0.0,5753,13.31,0,0.0,43219.0,43358.16910485799,1.0032
NetherlandsEersteDivisie,3947,40090,0,1,0.0,0.0,0.0,5425,13.53,0,0.0,40083.0,40106.03607525938,1.0006
NetherlandsEredivisie,3267,33596,0,66,0.0,0.2,0.2,4724,14.06,7,0.02,33583.0,33708.8887909138,1.0037
NorwayDivision1,2723,28780,0,0,0.0,0.0,0.0,4203,14.6,0,0.0,28775.0,28704.52148210835,0.9976
NorwayEliteserien,2742,28768,0,8,0.0,0.03,0.03,4135,14.37,0,0.0,28768.0,29099.940237689916,1.0115
PolandEkstraklasa,3273,33050,0,0,0.0,0.0,0.0,4542,13.74,0,0.0,33040.0,33231.08223199167,1.0058
PolandILiga,3347,34798,0,4,0.0,0.01,0.01,4821,13.85,4,0.01,34790.0,34714.35053939477,0.9978
PortugalPrimeiraLiga,3327,33623,0,26,0.0,0.08,0.08,4765,14.17,0,0.0,33611.0,33761.86999079086,1.0045
PortugalSegundaLiga,3752,38465,0,0,0.0,0.0,0.0,5526,14.37,0,0.0,38457.0,38467.727531179684,1.0003
RomaniaLigaII,2601,24136,0,22,0.0,0.09,0.09,3188,13.21,4,0.02,24136.0,24291.7710635138,1.0065
RomaniaLigaI,3138,28789,0,22,0.0,0.08,0.08,3857,13.4,2,0.01,28788.0,28731.652457131015,0.998
ScotlandChampionship,1893,19777,0,9,0.0,0.05,0.05,2968,15.01,0,0.0,19766.0,19857.103728166985,1.0046
ScotlandPremiership,2457,25614,0,62,0.0,0.24,0.24,3853,15.04,0,0.0,25607.0,25804.01099921921,1.0077
SpainLaLiga,4205,39897,0,14,0.0,0.04,0.04,5160,12.93,0,0.0,39882.0,39616.30663353344,0.9933
SpainSegunda,5139,48322,0,0,0.0,0.0,0.0,6388,13.22,0,0.0,48302.0,47788.02285268146,0.9894
SwedenAllsvenskan,2748,28640,0,6,0.0,0.02,0.02,4171,14.56,0,0.0,28638.0,28711.727447744008,1.0026
SwedenSuperettan,2749,28654,0,0,0.0,0.0,0.0,4221,14.73,0,0.0,28650.0,28615.718871218058,0.9988
SwitzerlandChallengeLeague,1947,18906,0,1,0.0,0.01,0.01,2542,13.45,0,0.0,18903.0,19015.715478066617,1.006
SwitzerlandSuperLeague,2110,21552,0,0,0.0,0.0,0.0,2741,12.72,0,0.0,21545.0,21598.61317031982,1.0025
Turkiye1Lig,3535,32033,0,102,0.0,0.32,0.32,4046,12.63,40,0.12,32031.0,32212.935280864076,1.0057
TurkiyeSuperLig,3669,35157,0,20,0.0,0.06,0.06,4666,13.27,0,0.0,35151.0,35289.14080161492,1.0039
