rule,n_bets,bet_pct,total_pnl,roi,threshold,rule_family
diff_sup >= 0.0,9768,1.0,-172.19400000000007,-0.017628378378378384,0.0,diff_sup
diff_sup >= 0.05,9067,0.9282350532350533,-121.56000000000006,-0.01340686004191023,0.05,diff_sup
diff_sup >= 0.1,8317,0.8514537264537264,-96.32900000000008,-0.011582181074906828,0.1,diff_sup
diff_sup >= 0.15,7599,0.777948402948403,-54.40300000000008,-0.007159231477826039,0.15,diff_sup
diff_sup >= 0.2,6901,0.7064905814905815,4.545999999999935,0.0006587451094044248,0.2,diff_sup
diff_sup >= 0.25,6223,0.637080262080262,44.06699999999995,0.007081311264663338,0.25,diff_sup
diff_sup >= 0.3,5600,0.5733005733005733,114.70799999999997,0.020483571428571424,0.3,diff_sup
diff_sup >= 0.35,4976,0.5094185094185094,88.01799999999994,0.017688504823151114,0.35,diff_sup
diff_sup >= 0.4,4400,0.45045045045045046,112.73099999999998,0.025620681818181813,0.4,diff_sup
diff_sup >= 0.45,3916,0.4009009009009009,114.53099999999996,0.029246935648621034,0.45,diff_sup
diff_sup >= 0.5,3486,0.3568796068796069,143.43199999999996,0.04114515203671829,0.5,diff_sup
diff_sup >= 0.55,3078,0.3151105651105651,138.37499999999997,0.04495614035087719,0.55,diff_sup
diff_sup >= 0.6,2674,0.2737510237510237,118.972,0.044492146596858635,0.6,diff_sup
diff_sup >= 0.65,2309,0.2363841113841114,108.57799999999999,0.047023819835426584,0.65,diff_sup
diff_sup >= 0.7,1978,0.2024979524979525,123.17499999999998,0.06227249747219413,0.7,diff_sup
diff_sup >= 0.75,1700,0.17403767403767403,95.42499999999998,0.05613235294117646,0.75,diff_sup
diff_sup >= 0.8,1446,0.14803439803439802,82.017,0.05671991701244813,0.8,diff_sup
diff_sup >= 0.85,1234,0.12633087633087633,91.417,0.07408184764991896,0.85,diff_sup
diff_sup >= 0.9,1032,0.10565110565110565,75.97699999999998,0.07362112403100773,0.9,diff_sup
diff_sup >= 0.95,868,0.08886158886158886,68.04999999999998,0.07839861751152072,0.95,diff_sup
diff_sup >= 1.0,728,0.07452907452907453,66.443,0.09126785714285714,1.0,diff_sup
diff_sup >= 1.05,610,0.06244881244881245,60.73799999999999,0.09957049180327868,1.05,diff_sup
diff_sup >= 1.1,506,0.0518018018018018,60.355999999999995,0.11928063241106718,1.1,diff_sup
diff_sup >= 1.15,419,0.042895167895167896,61.32299999999999,0.14635560859188543,1.15,diff_sup
diff_sup >= 1.2,354,0.03624078624078624,60.831999999999994,0.1718418079096045,1.2,diff_sup
diff_sup >= 1.25,290,0.029688779688779688,45.705,0.15760344827586206,1.25,diff_sup
diff_sup >= 1.3,238,0.024365274365274366,37.232,0.15643697478991597,1.3,diff_sup
diff_sup >= 1.35,196,0.020065520065520065,28.966,0.1477857142857143,1.35,diff_sup
diff_sup >= 1.4,167,0.017096642096642096,18.250999999999998,0.10928742514970058,1.4,diff_sup
diff_sup >= 1.45,136,0.013923013923013924,16.389,0.12050735294117647,1.45,diff_sup
diff_sup >= 1.5,111,0.011363636363636364,8.960999999999999,0.08072972972972972,1.5,diff_sup
diff_sup >= 1.55,95,0.009725634725634726,8.831,0.0929578947368421,1.55,diff_sup
diff_sup >= 1.6,80,0.00819000819000819,8.82,0.11025,1.6,diff_sup
diff_sup >= 1.65,65,0.006654381654381655,13.376999999999999,0.20579999999999998,1.65,diff_sup
diff_sup >= 1.7,50,0.005118755118755119,9.529,0.19058,1.7,diff_sup
diff_sup >= 1.75,42,0.0042997542997543,10.909,0.25973809523809527,1.75,diff_sup
diff_sup >= 1.8,36,0.0036855036855036856,9.177999999999999,0.2549444444444444,1.8,diff_sup
diff_sup >= 1.85,32,0.003276003276003276,9.439,0.29496875,1.85,diff_sup
diff_sup >= 1.9,29,0.0029688779688779687,7.67,0.26448275862068965,1.9,diff_sup
diff_sup >= 1.95,20,0.0020475020475020475,9.166,0.45830000000000004,1.95,diff_sup
EV >= -0.05,9546,0.9772727272727273,-153.10700000000008,-0.016038864445841197,-0.05,EV (Poisson/Skellam)
EV >= -0.04,9094,0.930999180999181,-134.64600000000007,-0.014806025951176608,-0.04,EV (Poisson/Skellam)
EV >= -0.03,8442,0.8642506142506142,-96.40800000000006,-0.011420042643923248,-0.03,EV (Poisson/Skellam)
EV >= -0.02,7830,0.8015970515970516,-63.39800000000005,-0.008096807151979572,-0.02,EV (Poisson/Skellam)
EV >= -0.01,7250,0.7422194922194922,-50.724000000000046,-0.006996413793103454,-0.01,EV (Poisson/Skellam)
EV >= 0.0,6682,0.6840704340704341,14.785999999999968,0.002212810535767729,0.0,EV (Poisson/Skellam)
EV >= 0.01,6123,0.6268427518427518,85.34099999999994,0.013937775600195972,0.01,EV (Poisson/Skellam)
EV >= 0.02,5614,0.5747338247338247,106.00199999999995,0.01888172426077662,0.02,EV (Poisson/Skellam)
EV >= 0.03,5075,0.5195536445536445,102.06599999999995,0.020111527093596048,0.03,EV (Poisson/Skellam)
EV >= 0.04,4574,0.46826371826371826,87.25799999999995,0.019076956711849575,0.04,EV (Poisson/Skellam)
EV >= 0.05,4143,0.42414004914004916,93.98299999999996,0.022684769490707208,0.05,EV (Poisson/Skellam)
EV >= 0.06,3715,0.38032350532350534,123.36999999999998,0.0332086137281292,0.06,EV (Poisson/Skellam)
EV >= 0.07,3340,0.34193284193284196,131.74199999999996,0.03944371257485029,0.07,EV (Poisson/Skellam)
EV >= 0.08,3010,0.30814905814905813,145.48299999999998,0.04833322259136212,0.08,EV (Poisson/Skellam)
EV >= 0.09,2669,0.27323914823914824,116.341,0.043589733982765076,0.09,EV (Poisson/Skellam)
EV >= 0.1,2368,0.24242424242424243,111.74699999999999,0.04719045608108108,0.1,EV (Poisson/Skellam)
EV >= 0.11,2089,0.21386158886158887,119.27799999999998,0.05709813307802775,0.11,EV (Poisson/Skellam)
EV >= 0.12,1814,0.1857084357084357,130.13299999999998,0.07173814773980153,0.12,EV (Poisson/Skellam)
EV >= 0.13,1561,0.15980753480753482,110.30899999999998,0.07066559897501601,0.13,EV (Poisson/Skellam)
EV >= 0.14,1358,0.13902538902538902,76.48599999999999,0.05632253313696612,0.14,EV (Poisson/Skellam)
EV >= 0.15,1172,0.11998361998361998,75.00399999999999,0.06399658703071671,0.15,EV (Poisson/Skellam)
EV >= 0.16,1014,0.1038083538083538,80.27799999999999,0.07916962524654832,0.16,EV (Poisson/Skellam)
EV >= 0.17,875,0.08957821457821458,75.24799999999999,0.08599771428571427,0.17,EV (Poisson/Skellam)
EV >= 0.18,739,0.07565520065520065,77.977,0.10551691474966171,0.18,EV (Poisson/Skellam)
EV >= 0.19,639,0.06541769041769042,84.74199999999999,0.1326165884194053,0.19,EV (Poisson/Skellam)
EV >= 0.2,546,0.055896805896805894,65.14,0.11930402930402931,0.2,EV (Poisson/Skellam)
EV >= 0.21,465,0.0476044226044226,65.94800000000001,0.1418236559139785,0.21,EV (Poisson/Skellam)
EV >= 0.22,393,0.04023341523341523,66.843,0.17008396946564885,0.22,EV (Poisson/Skellam)
EV >= 0.23,337,0.0345004095004095,64.198,0.19049851632047476,0.23,EV (Poisson/Skellam)
EV >= 0.24,285,0.029176904176904175,52.099,0.1828035087719298,0.24,EV (Poisson/Skellam)
EV >= 0.25,228,0.02334152334152334,39.28099999999999,0.1722850877192982,0.25,EV (Poisson/Skellam)
EV >= 0.26,192,0.019656019656019656,24.198,0.12603125,0.26,EV (Poisson/Skellam)
EV >= 0.27,159,0.016277641277641277,19.852999999999998,0.12486163522012578,0.27,EV (Poisson/Skellam)
EV >= 0.28,135,0.01382063882063882,14.471000000000002,0.1071925925925926,0.28,EV (Poisson/Skellam)
EV >= 0.29,112,0.011466011466011465,16.294,0.14548214285714287,0.29,EV (Poisson/Skellam)
EV >= 0.3,91,0.009316134316134317,8.995,0.09884615384615383,0.3,EV (Poisson/Skellam)
EV >= 0.31,80,0.00819000819000819,12.535,0.1566875,0.31,EV (Poisson/Skellam)
EV >= 0.32,65,0.006654381654381655,11.363999999999997,0.17483076923076918,0.32,EV (Poisson/Skellam)
EV >= 0.33,55,0.00563063063063063,10.644999999999998,0.1935454545454545,0.33,EV (Poisson/Skellam)
EV >= 0.34,44,0.0045045045045045045,15.858,0.3604090909090909,0.34,EV (Poisson/Skellam)
EV >= 0.35,38,0.0038902538902538903,12.315999999999999,0.32410526315789473,0.35,EV (Poisson/Skellam)
EV >= 0.36,35,0.0035831285831285833,11.453999999999999,0.3272571428571428,0.36,EV (Poisson/Skellam)
EV >= 0.37,30,0.003071253071253071,8.853,0.2951,0.37,EV (Poisson/Skellam)
EV >= 0.38,24,0.002457002457002457,7.1579999999999995,0.29824999999999996,0.38,EV (Poisson/Skellam)
EV >= -0.05,9383,0.9605855855855856,-131.8340000000001,-0.014050303740807853,-0.05,"EV (NB, residual uncertainty)"
EV >= -0.04,8705,0.8911752661752662,-97.16900000000007,-0.011162435381964396,-0.04,"EV (NB, residual uncertainty)"
EV >= -0.03,7887,0.8074324324324325,-69.01200000000006,-0.008750095093191334,-0.03,"EV (NB, residual uncertainty)"
EV >= -0.02,7097,0.7265561015561015,-13.573000000000064,-0.0019124982386924142,-0.02,"EV (NB, residual uncertainty)"
EV >= -0.01,6314,0.6463963963963963,45.82799999999996,0.007258156477668667,-0.01,"EV (NB, residual uncertainty)"
EV >= 0.0,5564,0.5696150696150696,66.55699999999996,0.011962077641984177,0.0,"EV (NB, residual uncertainty)"
EV >= 0.01,4911,0.5027641277641277,99.93099999999995,0.020348401547546316,0.01,"EV (NB, residual uncertainty)"
EV >= 0.02,4275,0.43765356265356264,127.24699999999997,0.029765380116959058,0.02,"EV (NB, residual uncertainty)"
EV >= 0.03,3738,0.38267813267813267,139.72299999999996,0.03737907972177634,0.03,"EV (NB, residual uncertainty)"
EV >= 0.04,3188,0.3263718263718264,141.96499999999997,0.044531053952321195,0.04,"EV (NB, residual uncertainty)"
EV >= 0.05,2722,0.2786650286650287,110.65999999999998,0.04065393093313739,0.05,"EV (NB, residual uncertainty)"
EV >= 0.06,2301,0.23556511056511056,113.61899999999997,0.049378096479791383,0.06,"EV (NB, residual uncertainty)"
EV >= 0.07,1907,0.19522932022932024,105.493,0.05531882538017829,0.07,"EV (NB, residual uncertainty)"
EV >= 0.08,1589,0.16267403767403768,102.407,0.06444745122718691,0.08,"EV (NB, residual uncertainty)"
EV >= 0.09,1331,0.13626126126126126,70.517,0.052980465815176556,0.09,"EV (NB, residual uncertainty)"
EV >= 0.1,1087,0.11128173628173628,84.691,0.07791260349586017,0.1,"EV (NB, residual uncertainty)"
EV >= 0.11,899,0.09203521703521704,79.28999999999999,0.08819799777530589,0.11,"EV (NB, residual uncertainty)"
EV >= 0.12,719,0.07360769860769861,85.60499999999999,0.11906119610570234,0.12,"EV (NB, residual uncertainty)"
EV >= 0.13,591,0.060503685503685505,79.999,0.1353620981387479,0.13,"EV (NB, residual uncertainty)"
EV >= 0.14,480,0.04914004914004914,77.89,0.16227083333333334,0.14,"EV (NB, residual uncertainty)"
EV >= 0.15,376,0.03849303849303849,81.00299999999999,0.21543351063829783,0.15,"EV (NB, residual uncertainty)"
EV >= 0.16,295,0.0302006552006552,51.02,0.1729491525423729,0.16,"EV (NB, residual uncertainty)"
EV >= 0.17,245,0.02508190008190008,44.528999999999996,0.18175102040816324,0.17,"EV (NB, residual uncertainty)"
EV >= 0.18,192,0.019656019656019656,29.639999999999993,0.15437499999999996,0.18,"EV (NB, residual uncertainty)"
EV >= 0.19,151,0.015458640458640458,19.772,0.13094039735099336,0.19,"EV (NB, residual uncertainty)"
EV >= 0.2,125,0.012796887796887797,15.68,0.12544,0.2,"EV (NB, residual uncertainty)"
EV >= 0.21,99,0.010135135135135136,13.204,0.13337373737373737,0.21,"EV (NB, residual uncertainty)"
EV >= 0.22,81,0.008292383292383292,6.031000000000001,0.0744567901234568,0.22,"EV (NB, residual uncertainty)"
EV >= 0.23,61,0.0062448812448812445,14.532,0.2382295081967213,0.23,"EV (NB, residual uncertainty)"
EV >= 0.24,42,0.0042997542997543,11.267999999999999,0.26828571428571424,0.24,"EV (NB, residual uncertainty)"
EV >= 0.25,36,0.0036855036855036856,9.774000000000001,0.2715,0.25,"EV (NB, residual uncertainty)"
EV >= 0.26,32,0.003276003276003276,9.896999999999998,0.30928124999999995,0.26,"EV (NB, residual uncertainty)"
EV >= 0.27,28,0.0028665028665028664,8.136000000000001,0.2905714285714286,0.27,"EV (NB, residual uncertainty)"
EV >= 0.28,21,0.00214987714987715,7.531000000000001,0.35861904761904767,0.28,"EV (NB, residual uncertainty)"
EV >= -0.05,9486,0.9711302211302212,-152.38800000000006,-0.016064516129032265,-0.05,"EV (NB, empirical overdispersion)"
EV >= -0.04,8836,0.9045864045864046,-148.7340000000001,-0.0168327297419647,-0.04,"EV (NB, empirical overdispersion)"
EV >= -0.03,8074,0.8265765765765766,-82.35000000000005,-0.010199405499133027,-0.03,"EV (NB, empirical overdispersion)"
EV >= -0.02,7372,0.7547092547092548,-47.81200000000007,-0.006485621269669027,-0.02,"EV (NB, empirical overdispersion)"
EV >= -0.01,6653,0.6811015561015561,32.33099999999993,0.004859612205020281,-0.01,"EV (NB, empirical overdispersion)"
EV >= 0.0,5968,0.6109746109746109,65.98999999999997,0.011057305630026803,0.0,"EV (NB, empirical overdispersion)"
EV >= 0.01,5325,0.5451474201474201,56.62499999999997,0.010633802816901404,0.01,"EV (NB, empirical overdispersion)"
EV >= 0.02,4743,0.4855651105651106,93.64899999999996,0.019744676365169717,0.02,"EV (NB, empirical overdispersion)"
EV >= 0.03,4194,0.42936117936117935,81.09499999999997,0.019335956127801614,0.03,"EV (NB, empirical overdispersion)"
EV >= 0.04,3683,0.37704750204750204,121.12199999999996,0.032886777083898984,0.04,"EV (NB, empirical overdispersion)"
EV >= 0.05,3202,0.3278050778050778,119.63899999999998,0.03736383510306058,0.05,"EV (NB, empirical overdispersion)"
EV >= 0.06,2800,0.28665028665028663,114.57899999999998,0.04092107142857142,0.06,"EV (NB, empirical overdispersion)"
EV >= 0.07,2445,0.2503071253071253,101.31799999999998,0.04143885480572596,0.07,"EV (NB, empirical overdispersion)"
EV >= 0.08,2097,0.21468058968058967,114.47799999999998,0.054591320934668564,0.08,"EV (NB, empirical overdispersion)"
EV >= 0.09,1752,0.17936117936117937,107.95299999999999,0.06161700913242008,0.09,"EV (NB, empirical overdispersion)"
EV >= 0.1,1488,0.15233415233415235,97.618,0.06560349462365592,0.1,"EV (NB, empirical overdispersion)"
EV >= 0.11,1244,0.12735462735462735,83.37099999999998,0.0670184887459807,0.11,"EV (NB, empirical overdispersion)"
EV >= 0.12,1050,0.1074938574938575,75.233,0.0716504761904762,0.12,"EV (NB, empirical overdispersion)"
EV >= 0.13,881,0.0901924651924652,79.57,0.09031782065834279,0.13,"EV (NB, empirical overdispersion)"
EV >= 0.14,738,0.07555282555282555,67.097,0.09091734417344173,0.14,"EV (NB, empirical overdispersion)"
EV >= 0.15,605,0.061936936936936936,82.73599999999999,0.13675371900826444,0.15,"EV (NB, empirical overdispersion)"
EV >= 0.16,504,0.051597051597051594,67.822,0.13456746031746034,0.16,"EV (NB, empirical overdispersion)"
EV >= 0.17,424,0.043407043407043405,75.84199999999998,0.17887264150943394,0.17,"EV (NB, empirical overdispersion)"
EV >= 0.18,343,0.035114660114660114,70.006,0.20409912536443148,0.18,"EV (NB, empirical overdispersion)"
EV >= 0.19,276,0.028255528255528257,54.276999999999994,0.19665579710144926,0.19,"EV (NB, empirical overdispersion)"
EV >= 0.2,212,0.021703521703521703,35.724999999999994,0.1685141509433962,0.2,"EV (NB, empirical overdispersion)"
EV >= 0.21,173,0.01771089271089271,21.092,0.12191907514450866,0.21,"EV (NB, empirical overdispersion)"
EV >= 0.22,140,0.014332514332514333,16.661,0.11900714285714287,0.22,"EV (NB, empirical overdispersion)"
EV >= 0.23,115,0.011773136773136773,10.312999999999999,0.08967826086956521,0.23,"EV (NB, empirical overdispersion)"
EV >= 0.24,89,0.009111384111384112,20.19,0.22685393258426967,0.24,"EV (NB, empirical overdispersion)"
EV >= 0.25,72,0.007371007371007371,14.988999999999999,0.20818055555555554,0.25,"EV (NB, empirical overdispersion)"
EV >= 0.26,53,0.005425880425880426,12.751999999999999,0.24060377358490564,0.26,"EV (NB, empirical overdispersion)"
EV >= 0.27,48,0.004914004914004914,13.914,0.289875,0.27,"EV (NB, empirical overdispersion)"
EV >= 0.28,40,0.004095004095004095,13.148,0.3287,0.28,"EV (NB, empirical overdispersion)"
EV >= 0.29,34,0.003480753480753481,10.469,0.30791176470588233,0.29,"EV (NB, empirical overdispersion)"
EV >= 0.3,27,0.002764127764127764,8.05,0.29814814814814816,0.3,"EV (NB, empirical overdispersion)"
EV >= 0.31,20,0.0020475020475020475,5.478,0.2739,0.31,"EV (NB, empirical overdispersion)"
