League,home_match_state,home_corners,away_corners,home_share_pct
Austria2.Liga,leading,2788,3071,47.58
Austria2.Liga,level,5114,4626,52.51
Austria2.Liga,trailing,3109,2250,58.01
AustriaBundesliga,leading,2525,2561,49.65
AustriaBundesliga,level,4709,3855,54.99
AustriaBundesliga,trailing,2601,1795,59.17
BelgiumFirstDivisionA,leading,3836,4228,47.57
BelgiumFirstDivisionA,level,7353,5794,55.93
BelgiumFirstDivisionA,trailing,3947,2446,61.74
BelgiumFirstDivisionB,leading,2209,2618,45.76
BelgiumFirstDivisionB,level,4261,3951,51.89
BelgiumFirstDivisionB,trailing,2686,1703,61.2
ColombiaPrimeraA,leading,4669,6247,42.77
ColombiaPrimeraA,level,12342,8097,60.38
ColombiaPrimeraA,trailing,4834,1967,71.08
ColombiaPrimeraB,leading,2960,3991,42.58
ColombiaPrimeraB,level,7349,5237,58.39
ColombiaPrimeraB,trailing,3357,1381,70.85
Croatia1.NL,leading,2091,2522,45.33
Croatia1.NL,level,4209,3350,55.68
Croatia1.NL,trailing,1914,1081,63.91
CroatiaHNL,leading,2427,2508,49.18
CroatiaHNL,level,4600,3546,56.47
CroatiaHNL,trailing,2023,1375,59.54
Czechia2.Liga,leading,3496,3836,47.68
Czechia2.Liga,level,6293,5098,55.25
Czechia2.Liga,trailing,2988,1917,60.92
CzechiaFirstLeague,leading,4120,4131,49.93
CzechiaFirstLeague,level,7339,5507,57.13
CzechiaFirstLeague,trailing,3536,2318,60.4
DenmarkDivision1,leading,2334,2930,44.34
DenmarkDivision1,level,4351,3871,52.92
DenmarkDivision1,trailing,2500,1742,58.93
DenmarkSuperligaen,leading,2661,3315,44.53
DenmarkSuperligaen,level,5270,4422,54.37
DenmarkSuperligaen,trailing,2797,1803,60.8
EnglandChampionship,leading,7535,8643,46.58
EnglandChampionship,level,15397,12035,56.13
EnglandChampionship,trailing,8069,4372,64.86
EnglandLeague1,leading,7652,8501,47.37
EnglandLeague1,level,14896,12550,54.27
EnglandLeague1,trailing,7863,5029,60.99
EnglandLeague2,leading,7399,8210,47.4
EnglandLeague2,level,14719,12298,54.48
EnglandLeague2,trailing,7521,4674,61.67
EnglandPremierLeague,leading,5654,5937,48.78
EnglandPremierLeague,level,10179,8065,55.79
EnglandPremierLeague,trailing,5287,3357,61.16
FinlandVeikkausliiga,leading,2420,2929,45.24
FinlandVeikkausliiga,level,4628,3997,53.66
FinlandVeikkausliiga,trailing,2399,1494,61.62
FinlandYkkosliiga,leading,2132,2409,46.95
FinlandYkkosliiga,level,3467,3103,52.77
FinlandYkkosliiga,trailing,1808,1319,57.82
FranceLigue1,leading,4466,5477,44.92
FranceLigue1,level,9047,6939,56.59
FranceLigue1,trailing,4794,2604,64.8
FranceLigue2,leading,3888,5026,43.62
FranceLigue2,level,9524,7503,55.93
FranceLigue2,trailing,4721,2312,67.13
GermanyBundesligaII,leading,4098,4763,46.25
GermanyBundesligaII,level,8116,6433,55.78
GermanyBundesligaII,trailing,4307,2549,62.82
GermanyBundesligaI,leading,4567,4702,49.27
GermanyBundesligaI,level,7178,5662,55.9
GermanyBundesligaI,trailing,4171,2680,60.88
GreeceSuperLeague1,leading,3117,2818,52.52
GreeceSuperLeague1,level,6172,4578,57.41
GreeceSuperLeague1,trailing,2554,1555,62.16
GreeceSuperLeague2,leading,3239,2865,53.06
GreeceSuperLeague2,level,6322,4476,58.55
GreeceSuperLeague2,trailing,2315,1461,61.31
HungaryNBII,leading,3654,4166,46.73
HungaryNBII,level,7220,5975,54.72
HungaryNBII,trailing,3637,2299,61.27
HungaryNBI,leading,2638,3031,46.53
HungaryNBI,level,5189,4175,55.41
HungaryNBI,trailing,2777,1627,63.06
ItalySerieA,leading,4793,5555,46.32
ItalySerieA,level,10099,7740,56.61
ItalySerieA,trailing,5237,3078,62.98
ItalySerieB,leading,4632,6314,42.32
ItalySerieB,level,11063,8618,56.21
ItalySerieB,trailing,5325,2556,67.57
NetherlandsEersteDivisie,leading,5683,6282,47.5
NetherlandsEersteDivisie,level,8931,7403,54.68
NetherlandsEersteDivisie,trailing,4899,3358,59.33
NetherlandsEredivisie,leading,5239,4549,53.52
NetherlandsEredivisie,level,7665,6149,55.49
NetherlandsEredivisie,trailing,4102,2915,58.46
NorwayDivision1,leading,3738,4444,45.69
NorwayDivision1,level,6279,5079,55.28
NorwayDivision1,trailing,3880,2250,63.3
NorwayEliteserien,leading,3925,4128,48.74
NorwayEliteserien,level,6554,4989,56.78
NorwayEliteserien,trailing,3658,2027,64.34
PolandEkstraklasa,leading,3884,4790,44.78
PolandEkstraklasa,level,7945,6600,54.62
PolandEkstraklasa,trailing,4165,2256,64.87
PolandILiga,leading,3834,4936,43.72
PolandILiga,level,8112,6935,53.91
PolandILiga,trailing,4326,2566,62.77
PortugalPrimeiraLiga,leading,3991,4708,45.88
PortugalPrimeiraLiga,level,8016,6416,55.54
PortugalPrimeiraLiga,trailing,4118,2532,61.92
PortugalSegundaLiga,leading,3986,5738,40.99
PortugalSegundaLiga,level,10092,8114,55.43
PortugalSegundaLiga,trailing,5151,2348,68.69
RomaniaLigaII,leading,3161,3284,49.05
RomaniaLigaII,level,6093,4632,56.81
RomaniaLigaII,trailing,2838,1745,61.92
RomaniaLigaI,leading,3222,3801,45.88
RomaniaLigaI,level,7569,5691,57.08
RomaniaLigaI,trailing,3335,1851,64.31
ScotlandChampionship,leading,2640,2656,49.85
ScotlandChampionship,level,4868,4165,53.89
ScotlandChampionship,trailing,2433,1619,60.04
ScotlandPremiership,leading,3722,3361,52.55
ScotlandPremiership,level,5921,4941,54.51
ScotlandPremiership,trailing,3061,2393,56.12
SpainLaLiga,leading,4888,5636,46.45
SpainLaLiga,level,10348,7283,58.69
SpainLaLiga,trailing,5066,2410,67.76
SpainSegunda,leading,5600,7147,43.93
SpainSegunda,level,13497,9229,59.39
SpainSegunda,trailing,5520,2356,70.09
SwedenAllsvenskan,leading,3601,3953,47.67
SwedenAllsvenskan,level,6785,5561,54.96
SwedenAllsvenskan,trailing,3483,2148,61.85
SwedenSuperettan,leading,3493,4119,45.89
SwedenSuperettan,level,6615,5647,53.95
SwedenSuperettan,trailing,3507,2060,63.0
SwitzerlandChallengeLeague,leading,2364,2903,44.88
SwitzerlandChallengeLeague,level,4019,3477,53.62
SwitzerlandChallengeLeague,trailing,2336,1550,60.11
SwitzerlandSuperLeague,leading,2730,3105,46.79
SwitzerlandSuperLeague,level,4847,3891,55.47
SwitzerlandSuperLeague,trailing,2848,1690,62.76
Turkiye1Lig,leading,3631,4495,44.68
Turkiye1Lig,level,8099,6306,56.22
Turkiye1Lig,trailing,3995,2267,63.8
TurkiyeSuperLig,leading,4014,5162,43.74
TurkiyeSuperLig,level,8324,6388,56.58
TurkiyeSuperLig,trailing,4419,2218,66.58
